Barcode,Brand code,Category,Type,SN,Brand Name,30 ml,60 ml,90 ml,180 ml,187 ml,200 ml,250  ml,275 ml,300 ml,330 ml,360 ml,375 ml,500 ml,600 ml,650 ml,700 ml,720 ml,750 ml,1000 ml,2000 ml
,,IMFL,Beer,,AMSTEL Super Premium Strong Beer,50,60,,,,,,,,,,,,,,,,,,
,,IMFL,Beer,,Beck's Ice Superior Strength,50,60,,,,,,,,,,,,,,,,,,
,,IMFL,Beer,,BIRA91 BLONDE SUMMER LAGER BEER,50,60,,,,,,,,,,,,,,,,,,
,,IMFL,Beer,,BIRA91 GOLD WHEAT STRONG BEER,50,60,,,,,,,,,,,,,,,,,,
,,IMFL,Beer,,Budweiser Magnum Strong Beer,50,60,,,,,,,,,,,,,,,,,,
,,IMFL,Beer,,Budweiser Premium King Of Beers,50,60,,,,,,,,,,,,,,,,,,
,,IMFL,Beer,,Carlsberg Premium Elephant Strong,50,60,,,,,,,,,,,,,,,,,,
,,IMFL,Beer,,Carlsberg SMOOTH PREMIUM LAGER,50,60,,,,,,,,,,,,,,,,,,
,,IMFL,Beer,,Corona Extra Premium Beer,50,60,,,,,,,,,,,,,,,,,,
,,IMFL,Beer,,Fosters Lager Beer,50,60,,,,,,,,,,,,,,,,,,
,,IMFL,Beer,,HAYWARDS 5000 PREMIUM STRONG BEER,50,60,,,,,,,,,,,,,,,,,,
,,IMFL,Beer,,Haywards 5000 Super Strong Beer,50,60,,,,,,,,,,,,,,,,,,
,,IMFL,Beer,,Heineken Lager Beer,50,60,,,,,,,,,,,,,,,,,,
,,IMFL,Beer,,HOEGAARDEN BLANCHE BIER,50,60,,,,,,,,,,,,,,,,,,
,,IMFL,Beer,,Hoegaarden Witbier,50,60,,,,,,,,,,,,,,,,,,
,,IMFL,Beer,,Kalyani Black Label Strong Premium Beer,50,60,,,,,,,,,,,,,,,,,,
,,IMFL,Beer,,Kingfisher Premium Lager Beer,50,60,,,,,,,,,,,,,,,,,,
,,IMFL,Beer,,Kingfisher Storm Strong Beer,50,60,,,,,,,,,,,,,,,,,,
,,IMFL,Beer,,Kingfisher Strong Premium Beer,50,60,,,,,,,,,,,,,,,,,,
,,IMFL,Beer,,Kingfisher Ultra Lager Beer,50,60,,,,,,,,,,,,,,,,,,
,,IMFL,Beer,,Kingfisher Ultra Max Premium Strong Beer,50,60,,,,,,,,,,,,,,,,,,
,,IMFL,Beer,,KINGFISHER ULTRA WITBIER,50,60,,,,,,,,,,,,,,,,,,
,,IMFL,Beer,,Original Bira 91 White Beer,50,60,,,,,,,,,,,,,,,,,,
,,IMFL,Beer,,Premium Kiq,50,60,,,,,,,,,,,,,,,,,,
,,IMFL,Beer,,PREMIUM KIQ ULTRA LAGER BEER,50,60,,,,,,,,,,,,,,,,,,
,,IMFL,Beer,,PREMIUM KIQ WHEAT MILD BEER,50,60,,,,,,,,,,,,,,,,,,
,,IMFL,Beer,,Royal Challenge Beer,50,60,,,,,,,,,,,,,,,,,,
,,IMFL,Beer,,Tuborg 1880 Classic Beer,50,60,,,,,,,,,,,,,,,,,,
,,IMFL,Beer,,Tuborg 1880 Mild Beer,50,60,,,,,,,,,,,,,,,,,,
,,IMFL,Beer,,Tuborg 1880 Strong Beer,50,60,,,,,,,,,,,,,,,,,,
,,IMFL,Brandy,,Doctor's Triple Crown VSOP Brandy,50,25,,,,,,,,,,,,,,,,,,
,,IMFL,Brandy,,FINEST MANSION HOUSE FRENCH BRANDY,50,25,,,,,,,,,,,,,,,,,,
,,IMFL,Brandy,,Honey Bee Premium Brandy,50,25,,,,,,,,,,,,,,,,,,
,,IMFL,Brandy,,Mount Brandy,50,25,,,,,,,,,,,,,,,,,,
,,IMFL,Brandy,,Nautilus Premium Blended XO Brandy,50,25,,,,,,,,,,,,,,,,,,
,,IMFL,Brandy,,TI Courrier Napoleon Crafted French Brandy,50,25,,,,,,,,,,,,,,,,,,
,,IMFL,Brandy,,TI Mansion House Rarest Spirit French Brandy,50,25,,,,,,,,,,,,,,,,,,
,,IMFL,Brandy,,TI'S COURRIER NAPOLEON CLASSIC FRENCH BRANDY GREEN,50,25,,,,,,,,,,,,,,,,,,
,,OS,Chanmagne,,Dom Perignon Cuvee Champagne,50,25,,,,,,,,,,,,,,,,,,
,,OS,Chanmagne,,Drappier Carte DOR Champagne,50,25,,,,,,,,,,,,,,,,,,
,,OS,Chanmagne,,G H MUMM CORDON ROUGE CHAMPAGNE,50,25,,,,,,,,,,,,,,,,,,
,,OS,Chanmagne,,Moet & Chandon Imperial,50,25,,,,,,,,,,,,,,,,,,
,,OS,Chanmagne,,Moet & Chandon Rose Imperial Champagne,50,25,,,,,,,,,,,,,,,,,,
,,OS,Cognac,,Hennessy VS Cognac,50,25,,,,,,,,,,,,,,,,,,
,,OS,Cognac,,Hennessy VSOP Cognac,50,25,,,,,,,,,,,,,,,,,,
,,OS,Cognac,,Martell VSOP Cognac,50,25,,,,,,,,,,,,,,,,,,
,,CS,Country Spirit,,ALPHA's RACE,50,60,,,,,,,,,,,,,,,,,,
,,CS,Country Spirit,,BABU MOSHAI,50,60,,,,,,,,,,,,,,,,,,
,,CS,Country Spirit,,BAGH,50,60,,,,,,,,,,,,,,,,,,
,,CS,Country Spirit,,BAZIGAR,50,70,,,,,,,,,,,,,,,,,,
,,CS,Country Spirit,,Bengal Fighter,50,60,,,,,,,,,,,,,,,,,,
,,CS,Country Spirit,,Bengal Tiger Premium,50,60,,,,,,,,,,,,,,,,,,
,,CS,Country Spirit,,bengal tiger STRONG,50,60,,,,,,,,,,,,,,,,,,
,,CS,Country Spirit,,Best Taste,50,60,,,,,,,,,,,,,,,,,,
,,CS,Country Spirit,,BHAI,50,70,,,,,,,,,,,,,,,,,,
,,CS,Country Spirit,,BINDASH,50,60,,,,,,,,,,,,,,,,,,
,,CS,Country Spirit,,BINDASH PREMIUM,50,60,,,,,,,,,,,,,,,,,,
,,CS,Country Spirit,,BIRAT,50,70,,,,,,,,,,,,,,,,,,
,,CS,Country Spirit,,BLACK TWISTER,50,60,,,,,,,,,,,,,,,,,,
,,CS,Country Spirit,,Blu,50,80,,,,,,,,,,,,,,,,,,
,,CS,Country Spirit,,BUL BUL,50,70,,,,,,,,,,,,,,,,,,
,,CS,Country Spirit,,Bullet,50,60,,,,,,,,,,,,,,,,,,
,,CS,Country Spirit,,BUMPHER,50,70,,,,,,,,,,,,,,,,,,
,,CS,Country Spirit,,Captain,50,60,,,,,,,,,,,,,,,,,,
,,CS,Country Spirit,,Charlee,50,60,,,,,,,,,,,,,,,,,,
,,CS,Country Spirit,,DADA,50,60,,,,,,,,,,,,,,,,,,
,,CS,Country Spirit,,DIL KHUSH,50,80,,,,,,,,,,,,,,,,,,
,,CS,Country Spirit,,Dil Se,50,60,,,,,,,,,,,,,,,,,,
,,CS,Country Spirit,,DILRUBA,50,80,,,,,,,,,,,,,,,,,,
,,CS,Country Spirit,,DILWALE,50,80,,,,,,,,,,,,,,,,,,
,,CS,Country Spirit,,DYNAMIC A1,50,60,,,,,,,,,,,,,,,,,,
,,CS,Country Spirit,,DYNAMIC BLAST,50,60,,,,,,,,,,,,,,,,,,
,,CS,Country Spirit,,FANTUS,50,70,,,,,,,,,,,,,,,,,,
,,CS,Country Spirit,,Franky No. 1 Premium,50,60,,,,,,,,,,,,,,,,,,
,,CS,Country Spirit,,Galaxy Boss,50,60,,,,,,,,,,,,,,,,,,
,,CS,Country Spirit,,Globus Mahua,50,70,,,,,,,,,,,,,,,,,,
,,CS,Country Spirit,,Goldee Blue,50,60,,,,,,,,,,,,,,,,,,
,,CS,Country Spirit,,Goldee Red,50,60,,,,,,,,,,,,,,,,,,
,,CS,Country Spirit,,GURU,50,70,,,,,,,,,,,,,,,,,,
,,CS,Country Spirit,,HAPPY GOLD (PET),50,60,,,,,,,,,,,,,,,,,,
,,CS,Country Spirit,,HAPPY JIO,50,70,,,,,,,,,,,,,,,,,,
,,CS,Country Spirit,,Hero,50,60,,,,,,,,,,,,,,,,,,
,,CS,Country Spirit,,HIMALAYAN FATA FATI,50,70,,,,,,,,,,,,,,,,,,
,,CS,Country Spirit,,Himalayan Gold,50,60,,,,,,,,,,,,,,,,,,
,,CS,Country Spirit,,HIMALAYAN TUK TUK,50,80,,,,,,,,,,,,,,,,,,
,,CS,Country Spirit,,JD,50,60,,,,,,,,,,,,,,,,,,
,,CS,Country Spirit,,JELLA,50,70,,,,,,,,,,,,,,,,,,
,,CS,Country Spirit,,jHAKAAAS PREMIUM,50,60,,,,,,,,,,,,,,,,,,
,,CS,Country Spirit,,Josh,50,80,,,,,,,,,,,,,,,,,,
,,CS,Country Spirit,,Joy,50,60,,,,,,,,,,,,,,,,,,
,,CS,Country Spirit,,KACHI,50,70,,,,,,,,,,,,,,,,,,
,,CS,Country Spirit,,KPS NO 1,50,80,,,,,,,,,,,,,,,,,,
,,CS,Country Spirit,,KPS No1 Super Strong,50,80,,,,,,,,,,,,,,,,,,
,,CS,Country Spirit,,Leader,50,60,,,,,,,,,,,,,,,,,,
,,CS,Country Spirit,,MADIRA,50,70,,,,,,,,,,,,,,,,,,
,,CS,Country Spirit,,Magic Blue 80,50,80,,,,,,,,,,,,,,,,,,
,,CS,Country Spirit,,MARDAANA,50,70,,,,,,,,,,,,,,,,,,
,,CS,Country Spirit,,MASTAN,50,70,,,,,,,,,,,,,,,,,,
,,CS,Country Spirit,,MASTI,50,70,,,,,,,,,,,,,,,,,,
,,CS,Country Spirit,,MAYA,50,60,,,,,,,,,,,,,,,,,,
,,CS,Country Spirit,,MEJAJ,50,60,,,,,,,,,,,,,,,,,,
,,CS,Country Spirit,,Millennium Royal,50,60,,,,,,,,,,,,,,,,,,
,,CS,Country Spirit,,MOHARAJA BULET (PET),50,80,,,,,,,,,,,,,,,,,,
,,CS,Country Spirit,,Monalisa Blue,50,80,,,,,,,,,,,,,,,,,,
,,CS,Country Spirit,,Monalisa Gold,50,60,,,,,,,,,,,,,,,,,,
,,CS,Country Spirit,,MONALISA MITHI,50,70,,,,,,,,,,,,,,,,,,
,,CS,Country Spirit,,NASHA STRONG,50,80,,,,,,,,,,,,,,,,,,
,,CS,Country Spirit,,OYE OYE,50,70,,,,,,,,,,,,,,,,,,
,,CS,Country Spirit,,P.K.BADSHA,50,80,,,,,,,,,,,,,,,,,,
,,CS,Country Spirit,,P.K.SAHEB,50,60,,,,,,,,,,,,,,,,,,
,,CS,Country Spirit,,PRAKASH60,50,60,,,,,,,,,,,,,,,,,,
,,CS,Country Spirit,,Premium RED,50,60,,,,,,,,,,,,,,,,,,
,,CS,Country Spirit,,PURE GOLD,50,60,,,,,,,,,,,,,,,,,,
,,CS,Country Spirit,,Pure Mahua,50,70,,,,,,,,,,,,,,,,,,
,,CS,Country Spirit,,PYTHON,50,70,,,,,,,,,,,,,,,,,,
,,CS,Country Spirit,,QUEEN ROYAL SPIRIT,50,80,,,,,,,,,,,,,,,,,,
,,CS,Country Spirit,,RAJA STRONG,50,60,,,,,,,,,,,,,,,,,,
,,CS,Country Spirit,,RKDSTRONG80,50,80,,,,,,,,,,,,,,,,,,
,,CS,Country Spirit,,SAKI,50,80,,,,,,,,,,,,,,,,,,
,,CS,Country Spirit,,Sengupta's Punch,50,60,,,,,,,,,,,,,,,,,,
,,CS,Country Spirit,,SKD'S MOHUL,50,70,,,,,,,,,,,,,,,,,,
,,CS,Country Spirit,,SMS Rocket,50,60,,,,,,,,,,,,,,,,,,
,,CS,Country Spirit,,SULTAN PREMIUM,50,60,,,,,,,,,,,,,,,,,,
,,CS,Country Spirit,,SUN FIGHTER SPIRIT,50,60,,,,,,,,,,,,,,,,,,
,,CS,Country Spirit,,Teen Kuri,50,60,,,,,,,,,,,,,,,,,,
,,CS,Country Spirit,,TOOFAN STRONG,50,60,,,,,,,,,,,,,,,,,,
,,CS,Country Spirit,,TOP 70,50,70,,,,,,,,,,,,,,,,,,
,,CS,Country Spirit,,Uddan Premium,50,60,,,,,,,,,,,,,,,,,,
,,CS,Country Spirit,,ULLASH,50,60,,,,,,,,,,,,,,,,,,
,,CS,Country Spirit,,Champion,50,60,,,,,,,,,,,,,,,,,,
,,CS,Country Spirit,,DIL DIAMOND,50,80,,,,,,,,,,,,,,,,,,
,,IMFL,Draught Beer,,CALDERA,50,,,,,,,,,,,,,,,,,,,
,,IMFL,Draught Beer,,Kingfisher Premium Lager Beer,50,,,,,,,,,,,,,,,,,,,
,,IMFL,Draught Beer,,Kingfisher Strong Premium Beer,50,,,,,,,,,,,,,,,,,,,
,,IMFL,Gin,,AMRUT Nilgiris INDIAN DRY GIN,50,25,,,,,,,,,,,,,,,,,,
,,OS,Gin,,BEEFEATER LONDON DRY GIN,50,25,,,,,,,,,,,,,,,,,,
,,IMFL,Gin,,Blue Lagoon Gin Orange,50,25,,,,,,,,,,,,,,,,,,
,,OS,Gin,,Bombay Sapphire Distilled London Dry Gin,50,25,,,,,,,,,,,,,,,,,,
,,IMFL,Gin,,CALCUTTA GIN,50,25,,,,,,,,,,,,,,,,,,
,,OS,Gin,,COBALTO 17 GIN,50,25,,,,,,,,,,,,,,,,,,
,,OS,Gin,,Gordons London Dry Gin,50,25,,,,,,,,,,,,,,,,,,
,,IMFL,Gin,,GREATER THAN LONDON DRY GIN,50,25,,,,,,,,,,,,,,,,,,
,,IMFL,Gin,,HAPUSA HIMALAYAN DRY GIN,50,25,,,,,,,,,,,,,,,,,,
,,OS,Gin,,J. LOGON'S ORIGINAL LONDON GIN,50,25,,,,,,,,,,,,,,,,,,
,,OS,Gin,,Jodhpur Imported London Dry Gin,50,25,,,,,,,,,,,,,,,,,,
,,OS,Gin,,MARTINI BIANCO VERMOUTH,50,25,,,,,,,,,,,,,,,,,,
,,IMFL,Gin,,McDowells Blue Riband Tango Gin-N-Orange,50,25,,,,,,,,,,,,,,,,,,
,,OS,Gin,,MONKEY 47 SCHWARZWALD DRY GIN,50,25,,,,,,,,,,,,,,,,,,
,,OS,Gin,,Roku Gin,50,25,,,,,,,,,,,,,,,,,,
,,IMFL,Gin,,S1 Yummy Orange Gin,50,25,,,,,,,,,,,,,,,,,,
,,OS,Gin,,Tanquerary No Ten Distilled Gin,50,25,,,,,,,,,,,,,,,,,,
,,OS,Gin,,Tanqueray London Dry Gin,50,25,,,,,,,,,,,,,,,,,,
,,IMFL,Gin,,TERAI INDIA DRY GIN,50,25,,,,,,,,,,,,,,,,,,
,,OS,Gin,,THE ORIGINAL GORDONS LONDON DRY GIN,50,25,,,,,,,,,,,,,,,,,,
,,IMFL,LAB,,Bacardi + Cranberry Flavoured Rum Mixed Drink,50,,,,,,,,,,,,,,,,,,,
,,IMFL,LAB,,Bacardi + Orange Flavoured Rum Mixed Drink,50,,,,,,,,,,,,,,,,,,,
,,IMFL,LAB,,Bacardi + Super Select Cranberry Flavoured,50,,,,,,,,,,,,,,,,,,,
,,IMFL,LAB,,Bacardi + Super Select Orange Flavoured,50,,,,,,,,,,,,,,,,,,,
,,IMFL,LAB,,Breezer Blackberry Crush,50,,,,,,,,,,,,,,,,,,,
,,IMFL,LAB,,Breezer Bliss Juniper N Lime Flavoured,50,,,,,,,,,,,,,,,,,,,
,,IMFL,LAB,,Breezer Bliss Lemony Iced Tea Flavoured,50,,,,,,,,,,,,,,,,,,,
,,IMFL,LAB,,Breezer Bliss Super Select Juniper & Lime Flavoured,50,,,,,,,,,,,,,,,,,,,
,,IMFL,LAB,,Breezer Bliss Super Select Lemony Iced Tea,50,,,,,,,,,,,,,,,,,,,
,,IMFL,LAB,,Breezer Blueberry,50,,,,,,,,,,,,,,,,,,,
,,IMFL,LAB,,Breezer Cranberry,50,,,,,,,,,,,,,,,,,,,
,,IMFL,LAB,,Breezer Jamaican Passion,50,,,,,,,,,,,,,,,,,,,
,,IMFL,LAB,,Breezer Orange,50,,,,,,,,,,,,,,,,,,,
,,IMFL,LAB,,Breezer Super Select Crisp Watermelon Mint Flavour,50,,,,,,,,,,,,,,,,,,,
,,IMFL,LAB,,Breezer Super Select Delicious black Berry Crush Flavour,50,,,,,,,,,,,,,,,,,,,
,,IMFL,LAB,,Breezer Super Select Exotic Jamaican Passion Flavour,50,,,,,,,,,,,,,,,,,,,
,,IMFL,LAB,,Breezer Super Select Tangy Cranberry Flavour,50,,,,,,,,,,,,,,,,,,,
,,IMFL,LAB,,Breezer Super Select Tasty Blue Berry Flavour,50,,,,,,,,,,,,,,,,,,,
,,IMFL,LAB,,Breezer Super Select Zesty Orange Flavour,50,,,,,,,,,,,,,,,,,,,
,,IMFL,LAB,,Breezer Watermelon Mint,50,,,,,,,,,,,,,,,,,,,
,,OS,Liqueur,,Aperol,50,25,,,,,,,,,,,,,,,,,,
,,OS,Liqueur,,Baileys The Original Irish Cream,50,25,,,,,,,,,,,,,,,,,,
,,OS,Liqueur,,Campari Milano Bitter,50,25,,,,,,,,,,,,,,,,,,
,,OS,Liqueur,,Drambuie Liqueur,50,25,,,,,,,,,,,,,,,,,,
,,OS,Liqueur,,Jack Daniel's Cinnamon Spice Tennessee Fire Finely Crafted Cinnamon Liqueur,50,25,,,,,,,,,,,,,,,,,,
,,OS,Liqueur,,Jack Daniel's Original Recipe Tennessee Apple Finely Crafted Apple Liqueur,50,25,,,,,,,,,,,,,,,,,,
,,OS,Liqueur,,JACK DANIEL'S ORIGINAL RECIPE TENNESSEE HONEY FINELY CRAFTED HONEY LIQUEUR,50,25,,,,,,,,,,,,,,,,,,
,,OS,Liqueur,,Jagermeister,50,25,,,,,,,,,,,,,,,,,,
,,OS,Liqueur,,Liqueur Triple Sec,50,25,,,,,,,,,,,,,,,,,,
,,OS,Liqueur,,Martini Rosso Vermouth,50,25,,,,,,,,,,,,,,,,,,
,,OS,Liqueur,,Molinari Sambuca Extra Liqueur,50,25,,,,,,,,,,,,,,,,,,
,,OS,Liqueur,,Orange Duck Triple Sec Liqueur,50,25,,,,,,,,,,,,,,,,,,
,,OS,Liqueur,,Patron XO Cafe,50,25,,,,,,,,,,,,,,,,,,
,,OS,Liqueur,,Ricard Anise,50,25,,,,,,,,,,,,,,,,,,
,,OS,Liqueur,,SAMBUCA LIQUEUR,50,25,,,,,,,,,,,,,,,,,,
,,OS,Liqueur,,XENTA ABSENTA,50,25,,,,,,,,,,,,,,,,,,
,,OS,Rum,,Bacardi Anejo Cuatro Aged 4 Years Aged Gold Rum,50,25,,,,,,,,,,,,,,,,,,
,,IMFL,Rum,,Bacardi Apple Original Apple Rum,50,25,,,,,,,,,,,,,,,,,,
,,IMFL,Rum,,Bacardi Carta Blanca Superior White Rum,50,25,,,,,,,,,,,,,,,,,,
,,IMFL,Rum,,Bacardi Limon Original Citrus Rum,50,25,,,,,,,,,,,,,,,,,,
,,IMFL,Rum,,Bacardi Orange Original Orange Rum,50,25,,,,,,,,,,,,,,,,,,
,,OS,Rum,,Bacardi Reserva Ocho Aged 8 Years,50,25,,,,,,,,,,,,,,,,,,
,,IMFL,Rum,,Black By Bacardi Deluxe Original Premium Crafted Rum,50,25,,,,,,,,,,,,,,,,,,
,,IMFL,Rum,,Black By Bacardi Original Premium Crafted Rum,50,25,,,,,,,,,,,,,,,,,,
,,IMFL,Rum,,BLACK CAT SPECIAL RUM,50,50,,,,,,,,,,,,,,,,,,
,,IMFL,Rum,,Calypso Original XXX Rum,50,50,,,,,,,,,,,,,,,,,,
,,IMFL,Rum,,Captain Morgan the original Rum,50,25,,,,,,,,,,,,,,,,,,
,,IMFL,Rum,,CONTESSA MATURED XXX RUM,50,25,,,,,,,,,,,,,,,,,,
,,IMFL,Rum,,COSMOS FIFTY XXX RUM,50,50,,,,,,,,,,,,,,,,,,
,,IMFL,Rum,,EMBOSS XXX Rum,50,50,,,,,,,,,,,,,,,,,,
,,IMFL,Rum,,Episode Deluxe xxx Rum,50,25,,,,,,,,,,,,,,,,,,
,,IMFL,Rum,,Golden Monkey Dark Classic Rum,50,25,,,,,,,,,,,,,,,,,,
,,IMFL,Rum,,Himalayan Bear Fine Indian Rum,50,25,,,,,,,,,,,,,,,,,,
,,IMFL,Rum,,Madira XXX Rum,50,25,,,,,,,,,,,,,,,,,,
,,IMFL,Rum,,McDowells No.1 Celebration Matured XXX Rum,50,25,,,,,,,,,,,,,,,,,,
,,IMFL,Rum,,Night Fighter's Matured XXX Rum,50,50,,,,,,,,,,,,,,,,,,
,,IMFL,Rum,,Officer's Choice Original XXX Rum,50,25,,,,,,,,,,,,,,,,,,
,,IMFL,Rum,,Old Habbit XXX Rum,50,25,,,,,,,,,,,,,,,,,,
,,IMFL,Rum,,OLD MONK APPLE RUM,50,25,,,,,,,,,,,,,,,,,,
,,IMFL,Rum,,OLD MONK GOLD RESERVE SELECT RUM,50,25,,,,,,,,,,,,,,,,,,
,,IMFL,Rum,,Old Monk Lemon Rum,50,25,,,,,,,,,,,,,,,,,,
,,IMFL,Rum,,Old Monk Matured XXX Premium Rum Very Old Vatted,50,25,,,,,,,,,,,,,,,,,,
,,IMFL,Rum,,OLD MONK ORANGE RUM,50,25,,,,,,,,,,,,,,,,,,
,,IMFL,Rum,,Old Monk Supreme Deluxe XXX Rum Very Old Vatted,50,25,,,,,,,,,,,,,,,,,,
,,IMFL,Rum,,Old Monk The Legend Rum Very Old Vatted,50,25,,,,,,,,,,,,,,,,,,
,,IMFL,Rum,,OLD MONK WHITE PREMIUM RUM,50,25,,,,,,,,,,,,,,,,,,
,,IMFL,Rum,,Red Indian XXX Deluxe Rum,50,25,,,,,,,,,,,,,,,,,,
,,IMFL,Rum,,ROCK THE REAL RUM,50,25,,,,,,,,,,,,,,,,,,
,,IMFL,Rum,,Royal Gentleman XXX Rum,50,50,,,,,,,,,,,,,,,,,,
,,IMFL,Rum,,Rumba Rum,50,50,,,,,,,,,,,,,,,,,,
,,IMFL,Rum,,Rumbola Matured XXX Rum,50,50,,,,,,,,,,,,,,,,,,
,,IMFL,Rum,,SENEOR XXX Rum,50,50,,,,,,,,,,,,,,,,,,
,,IMFL,Rum,,SKD'S EXXOBER,50,50,,,,,,,,,,,,,,,,,,
,,IMFL,Rum,,SSPL Port Jamaica,50,50,,,,,,,,,,,,,,,,,,
,,IMFL,Rum,,TOP 10 XXX RUM,50,50,,,,,,,,,,,,,,,,,,
,,IMFL,Rum,,Very Old Vatted Old Monk Premium Rum,50,25,,,,,,,,,,,,,,,,,,
,,IMFL,Rum,,XXX WONDER BLEND DARK RUM,50,25,,,,,,,,,,,,,,,,,,
,,OS,Tequila,,Camino Real Gold Tequila,50,25,,,,,,,,,,,,,,,,,,
,,OS,Tequila,,CASCO VIEJO GOLD TEQUILA,50,25,,,,,,,,,,,,,,,,,,
,,OS,Tequila,,CASCO VIEJO SILVER TEQUILA,50,25,,,,,,,,,,,,,,,,,,
,,OS,Tequila,,Corralejo Blanco Tequila,50,25,,,,,,,,,,,,,,,,,,
,,OS,Tequila,,Corralejo Reposado Tequila,50,25,,,,,,,,,,,,,,,,,,
,,OS,Tequila,,DON ANGEL TEQUILA BLANCO,50,25,,,,,,,,,,,,,,,,,,
,,OS,Tequila,,"Don Angel, Tequila ORO",50,25,,,,,,,,,,,,,,,,,,
,,OS,Tequila,,La Chica Tequila Blanco,50,25,,,,,,,,,,,,,,,,,,
,,OS,Tequila,,La Chica Tequila Gold,50,25,,,,,,,,,,,,,,,,,,
,,OS,Tequila,,Patron Silver Tequila,50,25,,,,,,,,,,,,,,,,,,
,,OS,Tequila,,Tequila Acapulco Gold,50,25,,,,,,,,,,,,,,,,,,
,,OS,Tequila,,Tequila Acapulco Silver,50,25,,,,,,,,,,,,,,,,,,
,,OS,Tequila,,Tequila Camino Real Blanco,50,25,,,,,,,,,,,,,,,,,,
,,OS,Tequila,,TEQUILA CORRALEJO ANEJO,50,25,,,,,,,,,,,,,,,,,,
,,OS,Tequila,,TEQUILA CORRALEJO TRIPLE DESTILADO,50,25,,,,,,,,,,,,,,,,,,
,,OS,Vodka,,2nite Vodka,50,25,,,,,,,,,,,,,,,,,,
,,OS,Vodka,,Absolut Citron Lemon Flavoured Vodka,50,25,,,,,,,,,,,,,,,,,,
,,OS,Vodka,,Absolut Elyx Vodka,50,25,,,,,,,,,,,,,,,,,,
,,OS,Vodka,,Absolut Grapefruit,50,25,,,,,,,,,,,,,,,,,,
,,OS,Vodka,,ABSOLUT LIME LIME FLAVORED VODKA,50,25,,,,,,,,,,,,,,,,,,
,,OS,Vodka,,Absolut Mandrin Mandarin Flavoured Vodka,50,25,,,,,,,,,,,,,,,,,,
,,OS,Vodka,,ABSOLUT RASPBERRI RASPBERRY FLAVORED VODKA,50,25,,,,,,,,,,,,,,,,,,
,,OS,Vodka,,Absolut Vodka,50,25,,,,,,,,,,,,,,,,,,
,,OS,Vodka,,Absolut Vodka Rainbow,50,25,,,,,,,,,,,,,,,,,,
,,OS,Vodka,,BELUGA NOBLE VODKA,50,25,,,,,,,,,,,,,,,,,,
,,OS,Vodka,,Belvedere Vodka,50,25,,,,,,,,,,,,,,,,,,
,,OS,Vodka,,Ciroc Snap Frost Vodka,50,25,,,,,,,,,,,,,,,,,,
,,OS,Vodka,,D'YAVOL SINGLE ESTATE VODKA,50,25,,,,,,,,,,,,,,,,,,
,,IMFL,Vodka,,Eristoff Triple Distilled Premium Vodka,50,25,,,,,,,,,,,,,,,,,,
,,IMFL,Vodka,,Fine Grain Voltage + Vodka,50,50,,,,,,,,,,,,,,,,,,
,,OS,Vodka,,Finlandia Vodka of Finland,50,25,,,,,,,,,,,,,,,,,,
,,IMFL,Vodka,,Gladiator Vintage Vodka,50,50,,,,,,,,,,,,,,,,,,
,,OS,Vodka,,Grey Goose Vodka,50,25,,,,,,,,,,,,,,,,,,
,,OS,Vodka,,Ketel One Vodka,50,25,,,,,,,,,,,,,,,,,,
,,IMFL,Vodka,,Knight Rider Ultra Premium Green Apple Vodka,50,25,,,,,,,,,,,,,,,,,,
,,IMFL,Vodka,,Knight Rider Ultra Premium Vodka,50,25,,,,,,,,,,,,,,,,,,
,,IMFL,Vodka,,Kremlin Award Classic Vodka,50,25,,,,,,,,,,,,,,,,,,
,,IMFL,Vodka,,Magic Moments Pure Grain Vodka,50,25,,,,,,,,,,,,,,,,,,
,,IMFL,Vodka,,Magic Moments Remix Flavoured Vodka Chocolate,50,25,,,,,,,,,,,,,,,,,,
,,IMFL,Vodka,,MAGIC MOMENTS REMIX GRAPEFRUIT & WATERMELON SMOOTH FLAVOURED VODKA,50,25,,,,,,,,,,,,,,,,,,
,,IMFL,Vodka,,Magic Moments Remix Smooth Green Apple Flavoured Vodka,50,25,,,,,,,,,,,,,,,,,,
,,IMFL,Vodka,,MAGIC MOMENTS REMIX SMOOTH LEMON FLAVOURED VODKA,50,25,,,,,,,,,,,,,,,,,,
,,IMFL,Vodka,,Magic Moments Remix Smooth Orange Flavoured Vodka,50,25,,,,,,,,,,,,,,,,,,
,,IMFL,Vodka,,MAGIC MOMENTS VERVE GREEN APPLE PREMIUM FLAVOURED VODKA,50,25,,,,,,,,,,,,,,,,,,
,,IMFL,Vodka,,MAGIC MOMENTS VERVE PREMIUM VODKA,50,25,,,,,,,,,,,,,,,,,,
,,IMFL,Vodka,,Red Bliss Virgin VODKA,50,25,,,,,,,,,,,,,,,,,,
,,IMFL,Vodka,,S1 VODKA,50,25,,,,,,,,,,,,,,,,,,
,,IMFL,Vodka,,Seagrams Fuel Vodka,50,25,,,,,,,,,,,,,,,,,,
,,OS,Vodka,,Skyy Vodka,50,25,,,,,,,,,,,,,,,,,,
,,IMFL,Vodka,,Smirnoff Triple Distilled Vodka,50,25,,,,,,,,,,,,,,,,,,
,,IMFL,Vodka,,Smrinoff Green Apple Triple Distilled Vodka,50,25,,,,,,,,,,,,,,,,,,
,,IMFL,Vodka,,Smrinoff Orange Triple Distilled Vodka,50,25,,,,,,,,,,,,,,,,,,
,,OS,Vodka,,Stolichnaya Vodka,50,25,,,,,,,,,,,,,,,,,,
,,OS,Vodka,,Tito's Handmade Vodka,50,25,,,,,,,,,,,,,,,,,,
,,IMFL,Vodka,,White Mischief Green Apple Vodka,50,25,,,,,,,,,,,,,,,,,,
,,IMFL,Vodka,,White Mischief Lemon Vodka,50,25,,,,,,,,,,,,,,,,,,
,,IMFL,Vodka,,White Mischief Orange Vodka,50,25,,,,,,,,,,,,,,,,,,
,,IMFL,Vodka,,White Mischief Ultra Pure Vodka,50,25,,,,,,,,,,,,,,,,,,
,,IMFL,Whisky,,8 PM PREMIUM BLACK WHISKY,50,25,,,,,,,,,,,,,,,,,,
,,OS,Whisky,,Aberfeldy Single Highland Malt Scotch Whisky Aged 12 Years,50,25,,,,,,,,,,,,,,,,,,
,,OS,Whisky,,ABERLOUR HIGHLAND SINGLE MALT SCOTCH WHISKY 12 YEARS OLD,50,25,,,,,,,,,,,,,,,,,,
,,OS,Whisky,,ABERLOUR HIGHLAND SINGLE MALT SCOTCH WHISKY 16 YEARS OLD,50,25,,,,,,,,,,,,,,,,,,
,,OS,Whisky,,ABERLOUR HIGHLAND SINGLE MALT SCOTCH WHISKY 18 YEARS OLD,50,25,,,,,,,,,,,,,,,,,,
,,OS,Whisky,,ABERLOUR SPEYSIDE SINGLE MALT SCOTCH WHISKY 12 YEARS OLD,50,25,,,,,,,,,,,,,,,,,,
,,OS,Whisky,,ABERLOUR SPEYSIDE SINGLE MALT SCOTCH WHISKY 16 YEARS OLD,50,25,,,,,,,,,,,,,,,,,,
,,OS,Whisky,,ABERLOUR SPEYSIDE SINGLE MALT SCOTCH WHISKY 18 YEARS OLD,50,25,,,,,,,,,,,,,,,,,,
,,IMFL,Whisky,,After Dark Premium Grain Whisky,50,25,,,,,,,,,,,,,,,,,,
,,OS,Whisky,,AKASHI RED BLENDED WHISKY,50,25,,,,,,,,,,,,,,,,,,
,,OS,Whisky,,AKASHI TOJI BLENDED WHISKY,50,25,,,,,,,,,,,,,,,,,,
,,IMFL,Whisky,,Amrut Amalgam Malt Whisky,50,25,,,,,,,,,,,,,,,,,,
,,IMFL,Whisky,,Amrut Amalgam Peated Malt Whisky,50,25,,,,,,,,,,,,,,,,,,
,,IMFL,Whisky,,Amrut Fusion Single Malt Whisky,50,25,,,,,,,,,,,,,,,,,,
,,IMFL,Whisky,,Antiquity Blue Ultra Premium Whisky,50,25,,,,,,,,,,,,,,,,,,
,,IMFL,Whisky,,Antiquity Blue Ultra Premium Whisky- Gift Pack,50,25,,,,,,,,,,,,,,,,,,
,,OS,Whisky,,ARDBEG THE ULTIMATE ISLAY SINGLE MALT SCOTCH WHISKY GUARANTEED TEN YEARS OLD,50,25,,,,,,,,,,,,,,,,,,
,,IMFL,Whisky,,Astra Club Whiskey,50,50,,,,,,,,,,,,,,,,,,
,,OS,Whisky,,AULTMORE SPEYSIDE SINGLE MALT SCOTCH WHISKY AGED 12 YEARS,50,25,,,,,,,,,,,,,,,,,,
,,IMFL,Whisky,,B & S BOILING CROWD PREMIUM WHISKY,50,25,,,,,,,,,,,,,,,,,,
,,IMFL,Whisky,,B & S FIRE WATER CLASSIC PREMIUM WHISKY,50,25,,,,,,,,,,,,,,,,,,
,,IMFL,Whisky,,B & S STAY ON DELUXE WHISKY,50,25,,,,,,,,,,,,,,,,,,
,,IMFL,Whisky,,Bagpiper Deluxe Whisky,50,25,,,,,,,,,,,,,,,,,,
,,OS,Whisky,,Ballantines 12YO Blended Scotch Whisky,50,25,,,,,,,,,,,,,,,,,,
,,OS,Whisky,,BALLANTINES BLENDED SCOTCH WHISKY AGED 17 YEARS,50,25,,,,,,,,,,,,,,,,,,
,,OS,Whisky,,Ballantines Finest Blended Scotch Whisky,50,25,,,,,,,,,,,,,,,,,,
,,OS,Whisky,,Barrheads SpeySide Single Malt Scotch whisky,50,25,,,,,,,,,,,,,,,,,,
,,IMFL,Whisky,,BKD's Red Neat Premium Whisky,50,50,,,,,,,,,,,,,,,,,,
,,OSBI,Whisky,,Black & White Blended Scotch Whisky,50,25,,,,,,,,,,,,,,,,,,
,,OSBI,Whisky,,Black & White Blended Scotch Whisky(Gift Pack),50,25,,,,,,,,,,,,,,,,,,
,,OSBI,Whisky,,Black & White Blended Scotch Whisky(Limited Edition Pack),50,25,,,,,,,,,,,,,,,,,,
,,OS,Whisky,,BLACK CROW WHISKY,50,25,,,,,,,,,,,,,,,,,,
,,OSBI,Whisky,,Black Dog Centenary Black Reserve Aged & Rare Blended Scotch Whisky,50,25,,,,,,,,,,,,,,,,,,
,,OSBI,Whisky,,Black Dog Centenary Black Reserve Aged & Rare Blended Scotch Whisky(Gift Pack),50,25,,,,,,,,,,,,,,,,,,
,,OSBI,Whisky,,Black Dog Millard's Private Reserve Blended Scotch Whisky Aged 14 Years,50,25,,,,,,,,,,,,,,,,,,
,,OSBI,Whisky,,Black Dog Triple Gold Reserve Blended Scotch Whisky,50,25,,,,,,,,,,,,,,,,,,
,,OSBI,Whisky,,Black Dog Triple Gold Reserve Blended Scotch Whisky (Gift Pack),50,25,,,,,,,,,,,,,,,,,,
,,IMFL,Whisky,,Black Hunt Fine Whisky,50,50,,,,,,,,,,,,,,,,,,
,,IMFL,Whisky,,Bottoms Up Premium Whisky,50,25,,,,,,,,,,,,,,,,,,
,,OS,Whisky,,BOWMORE ISLAY SINGLE MALT SCOTCH WHISKY 12 YEARS,50,25,,,,,,,,,,,,,,,,,,
,,IMFL,Whisky,,Bull Fighter Whisky,50,50,,,,,,,,,,,,,,,,,,
,,OS,Whisky,,Caol Ila 12YO Islay Single Malt Scotch Whisky,50,25,,,,,,,,,,,,,,,,,,
,,OS,Whisky,,Chivas Regal 12YO Blended Scotch Whisky,50,25,,,,,,,,,,,,,,,,,,
,,OS,Whisky,,Chivas Regal Gold Signature 18 YO Scotch Whisky,50,25,,,,,,,,,,,,,,,,,,
,,OS,Whisky,,CHIVAS REGAL ULTIS BLENDED MALT SCOTCH WHISKY,50,25,,,,,,,,,,,,,,,,,,
,,OS,Whisky,,CHIVAS REGAL ULTIS XX AGED 20 YEARS BLENDED SCOTCH WHISKY,50,25,,,,,,,,,,,,,,,,,,
,,OS,Whisky,,CHIVAS REGAL XV AGED 15 YEARS BLENDED SCOTCH WHISKY,50,25,,,,,,,,,,,,,,,,,,
,,OS,Whisky,,Clynelish 14 YO Single Malt Scotch Whisky,50,25,,,,,,,,,,,,,,,,,,
,,OS,Whisky,,COPPER DOG SPEYSIDE BLENDED MALT SCOTCH WHISKY,50,25,,,,,,,,,,,,,,,,,,
,,IMFL,Whisky,,COSMOS FIFTY DELUXE WHISKY,50,50,,,,,,,,,,,,,,,,,,
,,IMFL,Whisky,,County Club Deluxe Whisky,50,50,,,,,,,,,,,,,,,,,,
,,OS,Whisky,,Cragganmore 12 YO Speyside Single Malt Scotch Whisky,50,25,,,,,,,,,,,,,,,,,,
,,OS,Whisky,,CRAIGELLACHIE SPEYSIDE SINGLE MALT SCOTCH WHISKY AGED 13 YEARS,50,25,,,,,,,,,,,,,,,,,,
,,OS,Whisky,,Dalwhinnie 15 YO Highland Single Malt Scotch Whisky,50,25,,,,,,,,,,,,,,,,,,
,,OS,Whisky,,Dewars True Scotch Aged 18 Years Blended Scotch Whisky,50,25,,,,,,,,,,,,,,,,,,
,,OSBI,Whisky,,DEWARS WHITE LABEL BLENDED SCOTCH WHISKY,50,25,,,,,,,,,,,,,,,,,,
,,OS,Whisky,,Dewars True Scotch Aged 12 Years,50,25,,,,,,,,,,,,,,,,,,
,,OS,Whisky,,Dewars True Scotch Aged 15 Years,50,25,,,,,,,,,,,,,,,,,,
,,IMFL,Whisky,,DSP Black Deluxe Whisky,50,25,,,,,,,,,,,,,,,,,,
,,IMFL,Whisky,,EMBOSS Fine Whisky,50,50,,,,,,,,,,,,,,,,,,
,,OSBI,Whisky,,Enso Japanese Whisky,50,25,,,,,,,,,,,,,,,,,,
,,IMFL,Whisky,,Episode Classic Whisky,50,25,,,,,,,,,,,,,,,,,,
,,IMFL,Whisky,,FARMERS MALT WHISKY,50,25,,,,,,,,,,,,,,,,,,
,,IMFL,Whisky,,FIREBALL CINNAMON FLAVOURED WHISKY,50,25,,,,,,,,,,,,,,,,,,
,,IMFL,Whisky,,Gladiator Vintage Whisky,50,50,,,,,,,,,,,,,,,,,,
,,OS,Whisky,,Glenfiddich Single Malt Scotch Whisky 12 YO,50,25,,,,,,,,,,,,,,,,,,
,,OS,Whisky,,Glenfiddich Single Malt Scotch Whisky 15 YO,50,25,,,,,,,,,,,,,,,,,,
,,OS,Whisky,,Glenkinchie 12 YO Single Malt Scotch Whisky,50,25,,,,,,,,,,,,,,,,,,
,,OS,Whisky,,Glenmorangie Single Highland Malt Scotch Whisky 10 Yeras Old,50,25,,,,,,,,,,,,,,,,,,
,,OS,Whisky,,GLENMORANGIE THE LASANTA HIGHLAND SINGLE MALT SCOTCH WHISKY,50,25,,,,,,,,,,,,,,,,,,
,,OS,Whisky,,GLENMORANGIE THE NECTAR DOR HIGHLAND SINGLE MALT SCOTCH WHISKY,50,25,,,,,,,,,,,,,,,,,,
,,OS,Whisky,,GLENMORANGIE THE QUINTA RUBAN HIGHLAND SINGLE MALT SCOTCH WHISKY,50,25,,,,,,,,,,,,,,,,,,
,,IMFL,Whisky,,Glory Fine Whisky,50,25,,,,,,,,,,,,,,,,,,
,,IMFL,Whisky,,Goa Special Whisky,50,25,,,,,,,,,,,,,,,,,,
,,IMFL,Whisky,,GOVERNORS RESERVE 100% PREMIER GRAIN WHISKY,50,25,,,,,,,,,,,,,,,,,,
,,IMFL,Whisky,,GOVERNORS RESERVE CONNOISSEUR EDITION PREMIER GRAIN WHISKY,50,25,,,,,,,,,,,,,,,,,,
,,OS,Whisky,,Grants Family Reserve Whisky,50,25,,,,,,,,,,,,,,,,,,
,,OS,Whisky,,Grants Triple Wood Blended Scotch Whisky,50,25,,,,,,,,,,,,,,,,,,
,,IMFL,Whisky,,Happy Royal Premium Whisky,50,50,,,,,,,,,,,,,,,,,,
,,OS,Whisky,,Hibiki Japanese Harmony Blended Japanese Whisky,50,25,,,,,,,,,,,,,,,,,,
,,IMFL,Whisky,,HIGHBURY CLASSIC RARE RESERVE WHISKY,50,25,,,,,,,,,,,,,,,,,,
,,IMFL,Whisky,,Himalayan Bear Fine Indian Whiskey,50,50,,,,,,,,,,,,,,,,,,
,,IMFL,Whisky,,HK Blue Premium Whisky,50,50,,,,,,,,,,,,,,,,,,
,,IMFL,Whisky,,Imperial Black Exquisite Grain Whisky(Gift Pack),50,25,,,,,,,,,,,,,,,,,,
,,IMFL,Whisky,,India No. 1 Rare Premier Whisky,50,25,,,,,,,,,,,,,,,,,,
,,IMFL,Whisky,,INDRI SINGLE MALT INDIAN WHISKY,50,25,,,,,,,,,,,,,,,,,,
,,OS,Whisky,,J & B Rare Old Blended Scotch Whisky,50,25,,,,,,,,,,,,,,,,,,
,,OS,Whisky,,JACK DANIEL'S GENTLEMAN JACK DOUBLE MELLOWED . TENNESSEE WHISKEY,50,25,,,,,,,,,,,,,,,,,,
,,OS,Whisky,,JACK DANIEL'S OLD NO.7 BRAND TENNESSEE SOUR MASH WHISKEY,50,25,,,,,,,,,,,,,,,,,,
,,OS,Whisky,,JACK DANIEL'S SINGLE BARREL SELECT TENNESSEE WHISKEY,50,25,,,,,,,,,,,,,,,,,,
,,OS,Whisky,,JAMESON IRISH WHISKEY,50,25,,,,,,,,,,,,,,,,,,
,,OS,Whisky,,JAMESON IRISH WHISKEY CASKMATES,50,25,,,,,,,,,,,,,,,,,,
,,OS,Whisky,,JAMESON IRISH WHISKEY STOUT EDITION,50,25,,,,,,,,,,,,,,,,,,
,,OS,Whisky,,Jim Beam Black Kentucky Straight Bourbon Whiskey,50,25,,,,,,,,,,,,,,,,,,
,,OSBI,Whisky,,Jim Beam Kentucky Straight Bourbon Whiskey,50,25,,,,,,,,,,,,,,,,,,
,,OSBI,Whisky,,John Barr Reserve Blended Scotch Whisky,50,25,,,,,,,,,,,,,,,,,,
,,OS,Whisky,,Johnnie Walker Aged 18 Years Blended Scotch Whisky,50,25,,,,,,,,,,,,,,,,,,
,,OS,Whisky,,Johnnie Walker Black Label Blended Scotch Whisky,50,25,,,,,,,,,,,,,,,,,,
,,OS,Whisky,,JOHNNIE WALKER BLACK LABEL LOWLANDS ORIGIN BLENDED SCOTCH WHISKY,50,25,,,,,,,,,,,,,,,,,,
,,OS,Whisky,,JOHNNIE WALKER BLACK LABEL SPEYSIDE ORIGIN BLENDED MALT SCOTCH WHISKY,50,25,,,,,,,,,,,,,,,,,,
,,OS,Whisky,,Johnnie Walker Blue Label Blended Scotch Whisky,50,25,,,,,,,,,,,,,,,,,,
,,OS,Whisky,,Johnnie Walker Double Black Blended Scotch Whisky,50,25,,,,,,,,,,,,,,,,,,
,,OS,Whisky,,Johnnie Walker Gold Label Reserve Blended Scotch Whisky,50,25,,,,,,,,,,,,,,,,,,
,,OS,Whisky,,Johnnie Walker Red Label Blended Scotch Whisky,50,25,,,,,,,,,,,,,,,,,,
,,OS,Whisky,,JOHNNIE WALKER RED RYE FINISH BLENDED SCOTCH WHISKY,50,25,,,,,,,,,,,,,,,,,,
,,OS,Whisky,,Jura 10 Years Old Single Malt Scotch Whisky,50,25,,,,,,,,,,,,,,,,,,
,,OS,Whisky,,Lagavulin 16 YO Islay Single Malt Scotch Whisky,50,25,,,,,,,,,,,,,,,,,,
,,OS,Whisky,,Laphroaig Islay Single Malt Scotch Whisky 10 Yrs Old,50,25,,,,,,,,,,,,,,,,,,
,,OS,Whisky,,Laphroaig Islay Single Malt Scotch Whisky Select,50,25,,,,,,,,,,,,,,,,,,
,,IMFL,Whisky,,Legend Premium Whisky,50,25,,,,,,,,,,,,,,,,,,
,,IMFL,Whisky,,LOT 50 Classic Whisky,50,50,,,,,,,,,,,,,,,,,,
,,IMFL,Whisky,,MaQintosh BLUE Reserve WHISKY,50,25,,,,,,,,,,,,,,,,,,
,,IMFL,Whisky,,MaQintosh Silver Edition Whisky,50,25,,,,,,,,,,,,,,,,,,
,,IMFL,Whisky,,Mc Dowells No.1 Luxury Premium Whisky,50,25,,,,,,,,,,,,,,,,,,
,,IMFL,Whisky,,McDowell's No. 1 Superior Whisky,50,25,,,,,,,,,,,,,,,,,,
,,IMFL,Whisky,,McDowells No.1 Platinum Classic Whisky,50,25,,,,,,,,,,,,,,,,,,
,,IMFL,Whisky,,McDowells No.1 Reserve Whisky,50,25,,,,,,,,,,,,,,,,,,
,,OS,Whisky,,MICHTERS SINGLE BARREL KENTUCKY STRAIGHT RYE WHISKEY,50,25,,,,,,,,,,,,,,,,,,
,,OS,Whisky,,MICHTERS KENTUCKY STRAIGHT BOURBON WHISKEY,50,25,,,,,,,,,,,,,,,,,,
,,OS,Whisky,,Monkey Shoulder Blended Malt Scotch Whisky,50,25,,,,,,,,,,,,,,,,,,
,,IMFL,Whisky,,Oaksmith Gold International Blended Whisky,50,25,,,,,,,,,,,,,,,,,,
,,IMFL,Whisky,,Oaksmith Gold International Blended Whisky (GIFT PACK),50,25,,,,,,,,,,,,,,,,,,
,,IMFL,Whisky,,Oaksmith International Blended Whisky,50,25,,,,,,,,,,,,,,,,,,
,,IMFL,Whisky,,OAKTON BARREL AGED RARE PREMIER GRAIN WHISKY,50,25,,,,,,,,,,,,,,,,,,
,,OS,Whisky,,Oban Single Malt Scotch Whisky,50,25,,,,,,,,,,,,,,,,,,
,,IMFL,Whisky,,OFFICERS CHOICE BLUE PRIME GRAIN WHISKY,50,25,,,,,,,,,,,,,,,,,,
,,IMFL,Whisky,,OFFICER'S CHOICE BLUE PRIME GRAIN WHISKY,50,25,,,,,,,,,,,,,,,,,,
,,IMFL,Whisky,,OFFICER'S CHOICE DELUXE WHISKY,50,25,,,,,,,,,,,,,,,,,,
,,IMFL,Whisky,,OFFICER'S CHOICE ELITE WHISKY,50,25,,,,,,,,,,,,,,,,,,
,,IMFL,Whisky,,Officers Choice Blue Prime Grain Whisky (Gift Pack),50,25,,,,,,,,,,,,,,,,,,
,,IMFL,Whisky,,Old Admiral Deluxe Whisky,50,25,,,,,,,,,,,,,,,,,,
,,IMFL,Whisky,,Old Habbit Whisky,50,25,,,,,,,,,,,,,,,,,,
,,OSBI,Whisky,,Passport Scotch Whisky,50,25,,,,,,,,,,,,,,,,,,
,,IMFL,Whisky,,Paul John Indian Single Malt Whisky - Bold,50,25,,,,,,,,,,,,,,,,,,
,,IMFL,Whisky,,Paul John Indian Single Malt Whisky - Brilliance,50,25,,,,,,,,,,,,,,,,,,
,,IMFL,Whisky,,"PAUL JOHN INDIAN SINGLE MALT WHISKY, NIRVANA UNPEATED",50,25,,,,,,,,,,,,,,,,,,
,,IMFL,Whisky,,Peter Cat Fine Grain Whisky,50,50,,,,,,,,,,,,,,,,,,
,,IMFL,Whisky,,REGAL TALONS DELUXE RARE GENERATION WHISKY,50,25,,,,,,,,,,,,,,,,,,
,,IMFL,Whisky,,Rock Sea Fine Whisky,50,50,,,,,,,,,,,,,,,,,,
,,IMFL,Whisky,,ROCKDOVE PREMIUM WHISKY,50,25,,,,,,,,,,,,,,,,,,
,,IMFL,Whisky,,Rockford Classic Finest Blended Whisky,50,25,,,,,,,,,,,,,,,,,,
,,IMFL,Whisky,,Royal Challenge American Pride Fine Gold Whisky,50,25,,,,,,,,,,,,,,,,,,
,,IMFL,Whisky,,Royal Challenge Finest Premium Whisky,50,25,,,,,,,,,,,,,,,,,,
,,IMFL,Whisky,,Royal Challenge Premium Gold Whisky,50,25,,,,,,,,,,,,,,,,,,
,,IMFL,Whisky,,Royal Challenge Premium Gold Whisky - Gift Pack,50,25,,,,,,,,,,,,,,,,,,
,,IMFL,Whisky,,Royal Gentleman Premium Whisky,50,25,,,,,,,,,,,,,,,,,,
,,IMFL,Whisky,,ROYAL GREEN PREMIUM BLENDED WHISKY,50,25,,,,,,,,,,,,,,,,,,
,,IMFL,Whisky,,ROYAL LANCER WHISKY,50,50,,,,,,,,,,,,,,,,,,
,,IMFL,Whisky,,ROYAL RANTHAMBORE HERITAGE COLLECTION ROYAL CRAFTED RESERVE WHISKY,50,25,,,,,,,,,,,,,,,,,,
,,OS,Whisky,,Royal Salute 21 Years Old Blended Scotch Whisky,50,25,,,,,,,,,,,,,,,,,,
,,OS,Whisky,,SCAPA GLANSA SINGLE MALT SCOTCH WHISKY,50,25,,,,,,,,,,,,,,,,,,
,,OS,Whisky,,SCAPA SKIREN SINGLE MALT SCOTCH WHISKY,50,25,,,,,,,,,,,,,,,,,,
,,OS,Whisky,,Scottish Leader Blended Scotch Whisky,50,25,,,,,,,,,,,,,,,,,,
,,IMFL,Whisky,,Seagrams Royal Stag Classic Whisky,50,25,,,,,,,,,,,,,,,,,,
,,OSBI,Whisky,,Seagrams 100 Pipers Blended Scotch Whisky Aged 12 Years(GIFT PACK),50,25,,,,,,,,,,,,,,,,,,
,,IMFL,Whisky,,Seagrams Imperial Blue Classic Grain Whisky ( GIFT PACK),50,25,,,,,,,,,,,,,,,,,,
,,IMFL,Whisky,,Seagrams Royal Stag Blended Whisky (GIFT PACK),50,25,,,,,,,,,,,,,,,,,,
,,OSBI,Whisky,,Seagrams 100 Pipers Blended Scotch Whisky Aged 12 Years,50,25,,,,,,,,,,,,,,,,,,
,,OSBI,Whisky,,Seagrams 100 Pipers Deluxe Blended Scotch Whisky,50,25,,,,,,,,,,,,,,,,,,
,,OSBI,Whisky,,Seagrams 100 Pipers Deluxe Blended Scotch Whisky (GIFT PACK),50,25,,,,,,,,,,,,,,,,,,
,,IMFL,Whisky,,Seagrams Blenders Pride Reserve Collection Whisky,50,25,,,,,,,,,,,,,,,,,,
,,IMFL,Whisky,,Seagrams Blenders Pride Reserve Collection Whisky (GIFT PACK),50,25,,,,,,,,,,,,,,,,,,
,,IMFL,Whisky,,SEAGRAMS BLENDERS PRIDE SELECT PREMIUM WHISKY,50,25,,,,,,,,,,,,,,,,,,
,,IMFL,Whisky,,Seagrams Blenders Pride Ultra Premium Whisky,50,25,,,,,,,,,,,,,,,,,,
,,IMFL,Whisky,,Seagrams Imperial Black Exquisite Grain Whisky,50,25,,,,,,,,,,,,,,,,,,
,,IMFL,Whisky,,Seagrams Imperial Blue Authentic Grain Whisky,50,25,,,,,,,,,,,,,,,,,,
,,IMFL,Whisky,,SEAGRAMS IMPERIAL BLUE CLASSIC GRAIN WHISKY,50,25,,,,,,,,,,,,,,,,,,
,,IMFL,Whisky,,Seagrams Royal Stag Barrel Select Whisky,50,25,,,,,,,,,,,,,,,,,,
,,IMFL,Whisky,,Seagrams Royal Stag Barrel Select Whisky (GIFT PACK),50,25,,,,,,,,,,,,,,,,,,
,,IMFL,Whisky,,SEAGRAMS ROYAL STAG BLENDED WHISKY,50,25,,,,,,,,,,,,,,,,,,
,,IMFL,Whisky,,SENEOR Premium Whisky,50,50,,,,,,,,,,,,,,,,,,
,,IMFL,Whisky,,SEVENTH HEAVEN BLUE ULTRA PREMIER GRAIN WHISKY,50,25,,,,,,,,,,,,,,,,,,
,,OS,Whisky,,SHIN CLASSIC WHITE OAK WHISKY,50,25,,,,,,,,,,,,,,,,,,
,,IMFL,Whisky,,Signature Premier Grain Whisky,50,25,,,,,,,,,,,,,,,,,,
,,IMFL,Whisky,,Signature Premier Grain Whisky- Gift Pack,50,25,,,,,,,,,,,,,,,,,,
,,IMFL,Whisky,,Signature Rare Aged Whisky,50,25,,,,,,,,,,,,,,,,,,
,,IMFL,Whisky,,SKDS PARKEY,50,50,,,,,,,,,,,,,,,,,,
,,IMFL,Whisky,,Solan Number One Black Rare & Premium Whisky,50,25,,,,,,,,,,,,,,,,,,
,,OSBI,Whisky,,Something Special Specially Selected Blended Scotch Whisky,50,25,,,,,,,,,,,,,,,,,,
,,IMFL,Whisky,,SSPL Grand Knight,50,50,,,,,,,,,,,,,,,,,,
,,IMFL,Whisky,,Sterling Reserve B10 Premium Blended Whisky,50,25,,,,,,,,,,,,,,,,,,
,,IMFL,Whisky,,Sterling Reserve B10 Premium Blended Whisky (Gift Pack),50,25,,,,,,,,,,,,,,,,,,
,,IMFL,Whisky,,STERLING RESERVE B7 CLASSIQUE BLENDED WHISKY,50,25,,,,,,,,,,,,,,,,,,
,,IMFL,Whisky,,Sterling Reserve B7 Classique Blended Whisky (Gift Pack),50,25,,,,,,,,,,,,,,,,,,
,,IMFL,Whisky,,STERLING RESERVE B7 SPLENDOUR BLENDED WHISKY,50,25,,,,,,,,,,,,,,,,,,
,,IMFL,Whisky,,Sumo Special Whisky,50,50,,,,,,,,,,,,,,,,,,
,,OS,Whisky,,Suntory Whisky Toki,50,25,,,,,,,,,,,,,,,,,,
,,OS,Whisky,,Talisker 10 YO Single Malt Scotch Whisky,50,25,,,,,,,,,,,,,,,,,,
,,OS,Whisky,,TAMERLANE BLENDED SCOTCH WHISKY,50,25,,,,,,,,,,,,,,,,,,
,,OSBI,Whisky,,Teachers 50 Blended Scotch Whisky,50,25,,,,,,,,,,,,,,,,,,
,,OSBI,Whisky,,Teachers 50 Blended Scotch Whisky (Gift Pack),50,25,,,,,,,,,,,,,,,,,,
,,OSBI,Whisky,,Teachers Golden Thistle Blended Scotch Whisky,50,25,,,,,,,,,,,,,,,,,,
,,OS,Whisky,,Teachers Highland Cream Blended Scotch Whisky,50,25,,,,,,,,,,,,,,,,,,
,,OSBI,Whisky,,Teachers Highland Cream Blended Scotch Whisky,50,25,,,,,,,,,,,,,,,,,,
,,OSBI,Whisky,,Teachers Highland Cream Blended Scotch Whisky (Gift Pack),50,25,,,,,,,,,,,,,,,,,,
,,OSBI,Whisky,,Teachers Origin Blended Scotch Whisky,50,25,,,,,,,,,,,,,,,,,,
,,OS,Whisky,,The Ardmore Highland Single Malt Scotch Whisky,50,25,,,,,,,,,,,,,,,,,,
,,OS,Whisky,,The Dalmore 12 Years Old Single Highland Malt Scotch Whisky,50,25,,,,,,,,,,,,,,,,,,
,,OS,Whisky,,The Glen Grant Single malt Scotch Whisky Aged 10 Years,50,25,,,,,,,,,,,,,,,,,,
,,OS,Whisky,,The Glen Grant Single malt Scotch Whisky Aged 12 Years,50,25,,,,,,,,,,,,,,,,,,
,,OS,Whisky,,The Glen Grant Single malt Scotch Whisky Aged 18 Years,50,25,,,,,,,,,,,,,,,,,,
,,OS,Whisky,,THE GLENGARRY HIGHLAND BLENDED SCOTCH WHISKY,50,25,,,,,,,,,,,,,,,,,,
,,OS,Whisky,,The Glenlivet 12YO Single Malt Scotch Whisky,50,25,,,,,,,,,,,,,,,,,,
,,OS,Whisky,,THE GLENLIVET 21 Y.O SINGLE MALT SCOTCH WHISKY,50,25,,,,,,,,,,,,,,,,,,
,,OS,Whisky,,The Glenlivet Single Malt Scotch Whisky 15 YO,50,25,,,,,,,,,,,,,,,,,,
,,OS,Whisky,,The Glenlivet Single Malt Scotch Whisky 18 YO,50,25,,,,,,,,,,,,,,,,,,
,,OS,Whisky,,THE GLENLIVET XXV SINGLE MALT SCOTCH WHISKY,50,25,,,,,,,,,,,,,,,,,,
,,IMFL,Whisky,,The Hawkston Noble Reserve Superior Quality Whisky,50,25,,,,,,,,,,,,,,,,,,
,,IMFL,Whisky,,The Rockford Reserve Fine And Rare Whisky,50,25,,,,,,,,,,,,,,,,,,
,,OS,Whisky,,The Singleton of Glendullan 12YO Single Malt Scotch Whisky,50,25,,,,,,,,,,,,,,,,,,
,,OS,Whisky,,The Singleton of Glendullan Aged 15 Years Single Malt Scotch Whisky,50,25,,,,,,,,,,,,,,,,,,
,,OS,Whisky,,The Singleton of Glendullan Aged 18 Years Single Malt Scotch Whisky,50,25,,,,,,,,,,,,,,,,,,
,,OS,Whisky,,The Yamazaki Distillers Reserve Single Malt Japanese Whisky,50,25,,,,,,,,,,,,,,,,,,
,,IMFL,Whisky,,TI MANSION HOUSE GOLD WHISKY,50,25,,,,,,,,,,,,,,,,,,
,,IMFL,Whisky,,TOP 10 PREMIUM WHISKY,50,50,,,,,,,,,,,,,,,,,,
,,IMFL,Whisky,,TRIPLE EIGHT BLENDED WHISKY,50,25,,,,,,,,,,,,,,,,,,
,,IMFL,Whisky,,TRUE BLU RESERVE WHISKY,50,25,,,,,,,,,,,,,,,,,,
,,OSBI,Whisky,,Vat 69 Blended Scotch Whisky,50,25,,,,,,,,,,,,,,,,,,
,,OSBI,Whisky,,VAT 69 Blended Scotch Whisky (GIFT PACK),50,25,,,,,,,,,,,,,,,,,,
,,OSBI,Whisky,,William Lawsons Blended Scotch Whisky Select,50,25,,,,,,,,,,,,,,,,,,
,,OSBI,Whisky,,William Lawsons Blended Scotch Whisky,50,25,,,,,,,,,,,,,,,,,,
,,OS,Whisky,,Woodford Reserve,50,25,,,,,,,,,,,,,,,,,,
,,OS,Whisky,,Yamazakura Japanese Whisky,50,25,,,,,,,,,,,,,,,,,,
,,OS,Wine,,AG Forty Seven Chardonnay,50,25,,,,,,,,,,,,,,,,,,
,,OS,Wine,,AG Forty Seven Malbec Shiraz,50,25,,,,,,,,,,,,,,,,,,
,,OS,Wine,,Albert Bichot Chateau De Varennes Beaujolaise Villages Wine,50,25,,,,,,,,,,,,,,,,,,
,,OS,Wine,,Antares Cabernet Sauvignon,50,25,,,,,,,,,,,,,,,,,,
,,OS,Wine,,Antares Carmenere,50,25,,,,,,,,,,,,,,,,,,
,,OS,Wine,,Antares Chardonnay,50,25,,,,,,,,,,,,,,,,,,
,,OS,Wine,,Antares Sauvignon Blanc,50,25,,,,,,,,,,,,,,,,,,
,,OS,Wine,,Antares Shiraz,50,25,,,,,,,,,,,,,,,,,,
,,OS,Wine,,Antinori Peppoli Chianti Classico,50,25,,,,,,,,,,,,,,,,,,
,,OS,Wine,,Antinori Tignanello Toscana,50,25,,,,,,,,,,,,,,,,,,
,,OS,Wine,,B & G Merlot Reserve Wine,50,25,,,,,,,,,,,,,,,,,,
,,OS,Wine,,B & G Passeport Cotes du Rhone,50,25,,,,,,,,,,,,,,,,,,
,,OS,Wine,,Black Tower Dornfelder Pinot Noir,50,25,,,,,,,,,,,,,,,,,,
,,OS,Wine,,Black Tower Riesling,50,25,,,,,,,,,,,,,,,,,,
,,OS,Wine,,BONACHI BRUNELLO DI MONTALCINO,50,25,,,,,,,,,,,,,,,,,,
,,OS,Wine,,Born West Cabernet Sauvignon Wine,50,25,,,,,,,,,,,,,,,,,,
,,OS,Wine,,Boscoselvo Brunello Di Montalcino,50,25,,,,,,,,,,,,,,,,,,
,,OS,Wine,,Brancot Estate Sauvignon Blanc,50,25,,,,,,,,,,,,,,,,,,
,,OS,Wine,,Brancott Estate Pinot Noir,50,25,,,,,,,,,,,,,,,,,,
,,IMFL,Wine,,BRO CODE KRAFT SEKT,50,25,,,,,,,,,,,,,,,,,,
,,OS,Wine,,Bush Ballad Chardonnay Wine,50,25,,,,,,,,,,,,,,,,,,
,,OS,Wine,,Bush Ballad Shiraz Wine,50,25,,,,,,,,,,,,,,,,,,
,,OS,Wine,,Calappiano Prosecco,50,25,,,,,,,,,,,,,,,,,,
,,OS,Wine,,CAMAS MERLOT,50,25,,,,,,,,,,,,,,,,,,
,,OS,Wine,,CAMAS PINOT NOIR,50,25,,,,,,,,,,,,,,,,,,
,,OS,Wine,,CAMAS SYRAH ROSE,50,25,,,,,,,,,,,,,,,,,,
,,OS,Wine,,CAMPO VIEJO RIOJA BLANCO,50,25,,,,,,,,,,,,,,,,,,
,,OS,Wine,,CAMPO VIEJO RIOJA TEMPRANILLO,50,25,,,,,,,,,,,,,,,,,,
,,OS,Wine,,CAMPO VIEJO RIOJA VIURA TEMPRANILLO BLANCO,50,25,,,,,,,,,,,,,,,,,,
,,OS,Wine,,Campoluce Organic Chianti,50,25,,,,,,,,,,,,,,,,,,
,,OS,Wine,,CANTINE POVERO BARBERA D ASTI,50,25,,,,,,,,,,,,,,,,,,
,,OS,Wine,,CANTINE POVERO BARBERESCO BATU,50,25,,,,,,,,,,,,,,,,,,
,,OS,Wine,,CANTINE POVERO BAROLO PRIORE,50,25,,,,,,,,,,,,,,,,,,
,,OS,Wine,,CANTINE POVERO CABANE LANGHE,50,25,,,,,,,,,,,,,,,,,,
,,OS,Wine,,CANTINE POVERO MONFERRATO DOC DOLCETTO,50,25,,,,,,,,,,,,,,,,,,
,,OS,Wine,,CANTINE POVERO PIEMONTE DOC CHARDONNAY,50,25,,,,,,,,,,,,,,,,,,
,,OS,Wine,,CARACTERES MARGAUX BORDEAUX,50,25,,,,,,,,,,,,,,,,,,
,,OS,Wine,,Carlo Rossi California Red Smooth Red Wine,50,25,,,,,,,,,,,,,,,,,,
,,OS,Wine,,Carlo Rossi California White Crisp White Wine,50,25,,,,,,,,,,,,,,,,,,
,,OS,Wine,,"Casa Portuguesa, Portugal",50,25,,,,,,,,,,,,,,,,,,
,,OS,Wine,,CASA SOLAR TINTO,50,25,,,,,,,,,,,,,,,,,,
,,OS,Wine,,Casamatta Rosso,50,25,,,,,,,,,,,,,,,,,,
,,OS,Wine,,CAVICCHIOLI PROSECCO DOC EXTRA DRY,50,25,,,,,,,,,,,,,,,,,,
,,OS,Wine,,CAVICCHIOLI ROSE,50,25,,,,,,,,,,,,,,,,,,
,,OS,Wine,,CELLER d VIN DE FRANCE,50,25,,,,,,,,,,,,,,,,,,
,,IMFL,Wine,,Chandon Brut,50,25,,,,,,,,,,,,,,,,,,
,,IMFL,Wine,,Chandon Brut Rose,50,25,,,,,,,,,,,,,,,,,,
,,IMFL,Wine,,Chandon Delice,50,25,,,,,,,,,,,,,,,,,,
,,IMFL,Wine,,CHANDON ROSE,50,25,,,,,,,,,,,,,,,,,,
,,OS,Wine,,CHARLES ROUX ROSE BRUT CUVEE,50,25,,,,,,,,,,,,,,,,,,
,,OS,Wine,,Chateau Beloeil Blanc,50,25,,,,,,,,,,,,,,,,,,
,,OS,Wine,,Chateau Bonnet Red,50,25,,,,,,,,,,,,,,,,,,
,,OS,Wine,,Chateau Bonnet White,50,25,,,,,,,,,,,,,,,,,,
,,OS,Wine,,CHATEAU CHANTEMERLE MEDOC,50,25,,,,,,,,,,,,,,,,,,
,,OS,Wine,,CHATEAU COUCHEROY PESSAC LEOGNAN,50,25,,,,,,,,,,,,,,,,,,
,,OS,Wine,,CHATEAU DE MARJOLAINE BORDEAUX,50,25,,,,,,,,,,,,,,,,,,
,,OS,Wine,,CHATEAU GOUMIN BORDEAUX,50,25,,,,,,,,,,,,,,,,,,
,,OS,Wine,,CHATEAU GOUMIN BORDEAUX ROSE,50,25,,,,,,,,,,,,,,,,,,
,,OS,Wine,,"Chateau Goumin White, Bordeaux",50,25,,,,,,,,,,,,,,,,,,
,,OS,Wine,,CHATEAU LA FREROTTE LALANDE DE POMEROL ROUGH,50,25,,,,,,,,,,,,,,,,,,
,,OS,Wine,,"Chateau La Louviere, Pessac Leognan",50,25,,,,,,,,,,,,,,,,,,
,,OS,Wine,,Chateau Puy Boyrein Rouge,50,25,,,,,,,,,,,,,,,,,,
,,OS,Wine,,Chateau Tour De Segur,50,25,,,,,,,,,,,,,,,,,,
,,OS,Wine,,Cinzano Prosecco,50,25,,,,,,,,,,,,,,,,,,
,,OS,Wine,,Cinzano Vermouth Rosso,50,25,,,,,,,,,,,,,,,,,,
,,OS,Wine,,CLOUDY BAY PINOT NOIR,50,25,,,,,,,,,,,,,,,,,,
,,OS,Wine,,Cloudy Bay Sauvignon Blanc,50,25,,,,,,,,,,,,,,,,,,
,,OS,Wine,,Col dOrcia Brunello di Montalcino,50,25,,,,,,,,,,,,,,,,,,
,,OS,Wine,,CONDESA DE LEGANZA ROSE,50,25,,,,,,,,,,,,,,,,,,
,,OS,Wine,,CONO SUR RESERVA CABERNET SAUVIGNON,50,25,,,,,,,,,,,,,,,,,,
,,OS,Wine,,CONO SUR RESERVA PINOT NOIR,50,25,,,,,,,,,,,,,,,,,,
,,OS,Wine,,CONO SUR RESERVA UNOAKED CHARDONNAY,50,25,,,,,,,,,,,,,,,,,,
,,OS,Wine,,Conosur Tocornal Merlot,50,25,,,,,,,,,,,,,,,,,,
,,IMFL,Wine,,DIA RED WINE SPARKLER,50,25,,,,,,,,,,,,,,,,,,
,,IMFL,Wine,,DIA WHITE WINE SPARKLER,50,25,,,,,,,,,,,,,,,,,,
,,OS,Wine,,DOMAINE DE LA RONCERAY SAINT - ESTEPHE ROUGE,50,25,,,,,,,,,,,,,,,,,,
,,OS,Wine,,Don Darius Tempranillo,50,25,,,,,,,,,,,,,,,,,,
,,OS,Wine,,Durvillea Sauvignon Blanc,50,25,,,,,,,,,,,,,,,,,,
,,OS,Wine,,Early Dark Chateau Coutinel Fronton,50,25,,,,,,,,,,,,,,,,,,
,,OS,Wine,,Early Dark IGP Cabernet Merlot,50,25,,,,,,,,,,,,,,,,,,
,,OS,Wine,,Early Dark IGP Chardonnay,50,25,,,,,,,,,,,,,,,,,,
,,OS,Wine,,ELEPHANT IN THE ROOM JUMBO CHARDONNAY,50,25,,,,,,,,,,,,,,,,,,
,,OS,Wine,,ELEPHANT IN THE ROOM PALATIAL PINOT NOIR,50,25,,,,,,,,,,,,,,,,,,
,,OS,Wine,,Faustino I Gran Reserva Rioja,50,25,,,,,,,,,,,,,,,,,,
,,OS,Wine,,"Faustino VII Red, Rioja",50,25,,,,,,,,,,,,,,,,,,
,,OS,Wine,,Ferraud & Fils Cotes Du Rohne,50,25,,,,,,,,,,,,,,,,,,
,,OS,Wine,,Folonari Chardonnay,50,25,,,,,,,,,,,,,,,,,,
,,OS,Wine,,Folonari Chianti,50,25,,,,,,,,,,,,,,,,,,
,,OS,Wine,,Folonari Merlot,50,25,,,,,,,,,,,,,,,,,,
,,OS,Wine,,Folonari Montepulciano D Abruzzo,50,25,,,,,,,,,,,,,,,,,,
,,OS,Wine,,Folonari Nero D Avola Terre Siciliane,50,25,,,,,,,,,,,,,,,,,,
,,IMFL,Wine,,Four Season Merlot Red Wine,50,25,,,,,,,,,,,,,,,,,,
,,IMFL,Wine,,Four Seasons Barrique Reserve Oak Aged Shiraz Red Wine,50,25,,,,,,,,,,,,,,,,,,
,,IMFL,Wine,,Four Seasons Cabernet Sauvignon Red Wine,50,25,,,,,,,,,,,,,,,,,,
,,IMFL,Wine,,Four Seasons Chenin Blanc White Wine,50,25,,,,,,,,,,,,,,,,,,
,,IMFL,Wine,,Four Seasons Sauvignon Blanc White Wine,50,25,,,,,,,,,,,,,,,,,,
,,IMFL,Wine,,Four Seasons Shiraz Red Wine,50,25,,,,,,,,,,,,,,,,,,
,,IMFL,Wine,,FOUR SEASONS VINTNER'S RESERVE SELECT BARRELS CABERNET SHIRAZ,50,25,,,,,,,,,,,,,,,,,,
,,IMFL,Wine,,FRATELLI SETTE,50,25,,,,,,,,,,,,,,,,,,
,,IMFL,Wine,,Fratelli Shiraz Rose,50,25,,,,,,,,,,,,,,,,,,
,,IMFL,Wine,,FRATELLI WINES CABERNET FRANC SHIRAZ,50,25,,,,,,,,,,,,,,,,,,
,,IMFL,Wine,,FRATELLI WINES CABERNET SAUVIGNON,50,25,,,,,,,,,,,,,,,,,,
,,IMFL,Wine,,FRATELLI WINES CHARDONNAY,50,25,,,,,,,,,,,,,,,,,,
,,IMFL,Wine,,FRATELLI WINES CHENIN BLANC,50,25,,,,,,,,,,,,,,,,,,
,,IMFL,Wine,,FRATELLI WINES CLASSIC CHENIN,50,25,,,,,,,,,,,,,,,,,,
,,IMFL,Wine,,FRATELLI WINES CLASSIC MARLOT,50,25,,,,,,,,,,,,,,,,,,
,,IMFL,Wine,,FRATELLI WINES CLASSIC SHIRAZ,50,25,,,,,,,,,,,,,,,,,,
,,IMFL,Wine,,FRATELLI WINES GRAN CUVEE BRUT SPARKLING,50,25,,,,,,,,,,,,,,,,,,
,,IMFL,Wine,,FRATELLI WINES MERLOT,50,25,,,,,,,,,,,,,,,,,,
,,IMFL,Wine,,FRATELLI WINES SANGIOVESE,50,25,,,,,,,,,,,,,,,,,,
,,IMFL,Wine,,FRATELLI WINES SANGIOVESE BIANCO,50,25,,,,,,,,,,,,,,,,,,
,,IMFL,Wine,,FRATELLI WINES SAUVIGNON BLANC,50,25,,,,,,,,,,,,,,,,,,
,,OS,Wine,,Freixenet Cordon Negro Cava Brut,50,25,,,,,,,,,,,,,,,,,,
,,OS,Wine,,Frexinet Cordon Negro,50,25,,,,,,,,,,,,,,,,,,
,,IMFL,Wine,,Frizzano Italian Collection Bainco White Sparkling Wine,50,25,,,,,,,,,,,,,,,,,,
,,IMFL,Wine,,Frizzano Italian Collection Forte Strong Sparkling Wine,50,25,,,,,,,,,,,,,,,,,,
,,IMFL,Wine,,Frizzano Italian Collection Rosato Rose Sparkling Wine,50,25,,,,,,,,,,,,,,,,,,
,,IMFL,Wine,,Frizzano Italian Collection Rosso Red Sparkling Wine,50,25,,,,,,,,,,,,,,,,,,
,,IMFL,Wine,,Frizzano Sparkling Wine Semi Dry,50,25,,,,,,,,,,,,,,,,,,
,,OS,Wine,,Frontera Merlot,50,25,,,,,,,,,,,,,,,,,,
,,OS,Wine,,Frontera Shiraz Wine,50,25,,,,,,,,,,,,,,,,,,
,,IMFL,Wine,,Goana's Premium Fortified Wine,50,25,,,,,,,,,,,,,,,,,,
,,OS,Wine,,Goana's Premium Wine,50,25,,,,,,,,,,,,,,,,,,
,,IMFL,Wine,,Golconda Premium Red wine,50,25,,,,,,,,,,,,,,,,,,
,,IMFL,Wine,,GOLCONDA PREMIUM SWEET RED WINE,50,25,,,,,,,,,,,,,,,,,,
,,OS,Wine,,Golden Sparrow Chardonnay Rubicone IGT,50,25,,,,,,,,,,,,,,,,,,
,,OS,Wine,,Golden Sparrow Pinot Grigio Delle Venezie Wine,50,25,,,,,,,,,,,,,,,,,,
,,OS,Wine,,Golden Sparrow Sangiovese Rubicone IGT,50,25,,,,,,,,,,,,,,,,,,
,,IMFL,Wine,,Good Earth Antaraa Cabernet Shiraz Wine,50,25,,,,,,,,,,,,,,,,,,
,,IMFL,Wine,,Good Earth Bella Shiraz Rose Wine,50,25,,,,,,,,,,,,,,,,,,
,,IMFL,Wine,,Good Earth Blanca Chenin Blanc Wine,50,25,,,,,,,,,,,,,,,,,,
,,IMFL,Wine,,Good Earth Bleu Shiraz Cabernet Wine,50,25,,,,,,,,,,,,,,,,,,
,,OS,Wine,,Grand Sud IGP VDP Sauvignon Blanc,50,25,,,,,,,,,,,,,,,,,,
,,OS,Wine,,Grand Sud IGP VDP Syrah,50,25,,,,,,,,,,,,,,,,,,
,,OS,Wine,,Grant Burge Cabernet gb51 Sauvignon Shiraz,50,25,,,,,,,,,,,,,,,,,,
,,OS,Wine,,GRIMALDI BAROLO,50,25,,,,,,,,,,,,,,,,,,
,,OS,Wine,,Grove Ridge Cabernet Sauvignon,50,25,,,,,,,,,,,,,,,,,,
,,IMFL,Wine,,GROVER ART COLLECTION CABERNET SHIRAZ,50,25,,,,,,,,,,,,,,,,,,
,,IMFL,Wine,,GROVER ART COLLECTION CHENIN BLANC,50,25,,,,,,,,,,,,,,,,,,
,,IMFL,Wine,,Grover Art Collection Rose,50,25,,,,,,,,,,,,,,,,,,
,,IMFL,Wine,,GROVER ART COLLECTION SAUVIGNON BLANC,50,25,,,,,,,,,,,,,,,,,,
,,IMFL,Wine,,GROVER CABERNET SHIRAZ RESERVE COLLECTION,50,25,,,,,,,,,,,,,,,,,,
,,IMFL,Wine,,GROVER CHENE GRAND RESERVE - TEMPRANILLO,50,25,,,,,,,,,,,,,,,,,,
,,IMFL,Wine,,GROVER CHENIN BLANC RESERVE COLLECTION,50,25,,,,,,,,,,,,,,,,,,
,,IMFL,Wine,,GROVER LA RESERVE ICON BLANC WINE,50,25,,,,,,,,,,,,,,,,,,
,,IMFL,Wine,,GROVER LA RESERVE ICON RED WINE,50,25,,,,,,,,,,,,,,,,,,
,,IMFL,Wine,,GROVER SAUVIGNON BLANC RESERVE COLLECTION,50,25,,,,,,,,,,,,,,,,,,
,,IMFL,Wine,,GROVER SOIREE BRUT MAGNIFIQUE,50,25,,,,,,,,,,,,,,,,,,
,,IMFL,Wine,,GROVER VINEYARDS LA RESERVE,50,25,,,,,,,,,,,,,,,,,,
,,OS,Wine,,GUSTAVE LORENTZ PINOT NOIR RESERVE,50,25,,,,,,,,,,,,,,,,,,
,,OS,Wine,,GUSTAVE LORENTZ RESERVE GEWURZTRAMINER,50,25,,,,,,,,,,,,,,,,,,
,,OS,Wine,,GUSTAVE LORENTZ RIESLING RESERVE,50,25,,,,,,,,,,,,,,,,,,
,,OS,Wine,,HAKUSHIKA JUNMAI DAIGINJO SAKE,50,25,,,,,,,,,,,,,,,,,,
,,OS,Wine,,HAKUSHIKA KAON SAKE,50,25,,,,,,,,,,,,,,,,,,
,,OS,Wine,,HAKUTSURU AWAYUKI SPARKLING SAKE,50,25,,,,,,,,,,,,,,,,,,
,,OS,Wine,,Hakutsuru Excellent Junmai Sake,50,25,,,,,,,,,,,,,,,,,,
,,OS,Wine,,Hardys Stamp of Australia Cabernet Merlot,50,25,,,,,,,,,,,,,,,,,,
,,OS,Wine,,Hardys Stamp of Australia Chardonnay Semillon,50,25,,,,,,,,,,,,,,,,,,
,,OS,Wine,,Hardys Stamp of Australia Shiraz Cabernet,50,25,,,,,,,,,,,,,,,,,,
,,OS,Wine,,HAUT BATAILLEY VERSO PAUILLAC ROUGH,50,25,,,,,,,,,,,,,,,,,,
,,OS,Wine,,HOWLING WOLVES CABERNATO,50,25,,,,,,,,,,,,,,,,,,
,,OS,Wine,,HOWLING WOLVES RED CUB MERLOT,50,25,,,,,,,,,,,,,,,,,,
,,OS,Wine,,HOWLING WOLVES WHITE CUB SEMILLION SAUVIGNON BLANC,50,25,,,,,,,,,,,,,,,,,,
,,IMFL,Wine,,J'NOON INDIA RED WINE,50,25,,,,,,,,,,,,,,,,,,
,,OS,Wine,,JACOBS CREEK CHARDONNAY PINOT NOIR SPARKLING WINE,50,25,,,,,,,,,,,,,,,,,,
,,OS,Wine,,JACOBS CREEK CHARDONNAY PINOT NOIR DRY & CRISP,50,25,,,,,,,,,,,,,,,,,,
,,OS,Wine,,Jacobs Creek Classic Cabernet Sauvignon Red Wine,50,25,,,,,,,,,,,,,,,,,,
,,OS,Wine,,JACOBS CREEK CLASSIC CHARDONNAY,50,25,,,,,,,,,,,,,,,,,,
,,OS,Wine,,JACOBS CREEK CLASSIC SHIRAZ CABERNET,50,25,,,,,,,,,,,,,,,,,,
,,OS,Wine,,Jacobs Creek Merlot Red Wine,50,25,,,,,,,,,,,,,,,,,,
,,OS,Wine,,JINRO CHAMISUL,50,25,,,,,,,,,,,,,,,,,,
,,OS,Wine,,JUST ROBERTO CHARDONNAY,50,25,,,,,,,,,,,,,,,,,,
,,OS,Wine,,JUST ROBERTO CHIANTI,50,25,,,,,,,,,,,,,,,,,,
,,OS,Wine,,JUST ROBERTO MERLOT,50,25,,,,,,,,,,,,,,,,,,
,,OS,Wine,,JUST ROBERTO PINOT GRIGIO,50,25,,,,,,,,,,,,,,,,,,
,,OS,Wine,,JUST ROBERTO PROSECCO,50,25,,,,,,,,,,,,,,,,,,
,,IMFL,Wine,,KYRA PREMIUM RED WINE,50,25,,,,,,,,,,,,,,,,,,
,,IMFL,Wine,,KYRA PREMIUM WHITE WINE,50,25,,,,,,,,,,,,,,,,,,
,,OS,Wine,,LA TORRETTA PINOT GRIGIO BLUSH,50,25,,,,,,,,,,,,,,,,,,
,,OS,Wine,,LA VITE LUCENTE TOSCANA ROSSO ROUGE,50,25,,,,,,,,,,,,,,,,,,
,,OS,Wine,,Lancers Rose,50,25,,,,,,,,,,,,,,,,,,
,,OS,Wine,,Le Grand Noir Cabernet Sauvignon,50,25,,,,,,,,,,,,,,,,,,
,,OS,Wine,,Le Grand Noir Chardonnay,50,25,,,,,,,,,,,,,,,,,,
,,OS,Wine,,Le Grand Noir Gsm,50,25,,,,,,,,,,,,,,,,,,
,,OS,Wine,,LE GRAND Pinot Noir,50,25,,,,,,,,,,,,,,,,,,
,,OS,Wine,,LE VOLTE DELL ORNELLAIA TOSCANA ROSSO ROUGE,50,25,,,,,,,,,,,,,,,,,,
,,OS,Wine,,LES TERROIRS CHARDONNAY,50,25,,,,,,,,,,,,,,,,,,
,,OS,Wine,,LES TERROIRS MERLOT,50,25,,,,,,,,,,,,,,,,,,
,,OS,Wine,,M.A.N Family Wines Padstal CHARDONNAY Coastal Region,50,25,,,,,,,,,,,,,,,,,,
,,IMFL,Wine,,Madera Nashik Valley Red Wine,50,25,,,,,,,,,,,,,,,,,,
,,IMFL,Wine,,Madera Nashik Valley White Wine,50,25,,,,,,,,,,,,,,,,,,
,,OS,Wine,,Maison DU Sud Merlot,50,25,,,,,,,,,,,,,,,,,,
,,OS,Wine,,Mannara Merlot Sicilia IGT,50,25,,,,,,,,,,,,,,,,,,
,,OS,Wine,,Martini Asti DOCG,50,25,,,,,,,,,,,,,,,,,,
,,OS,Wine,,MARTINI BRUT,50,25,,,,,,,,,,,,,,,,,,
,,OS,Wine,,Martini Extra Dry Torino,50,25,,,,,,,,,,,,,,,,,,
,,OS,Wine,,Martini Prosecco,50,25,,,,,,,,,,,,,,,,,,
,,OS,Wine,,MARTINI ROSE,50,25,,,,,,,,,,,,,,,,,,
,,OS,Wine,,Mateus Rose,50,25,,,,,,,,,,,,,,,,,,
,,OS,Wine,,Michele Chiarlo Barolo,50,25,,,,,,,,,,,,,,,,,,
,,IMFL,Wine,,MOSAIC RED WINE,50,25,,,,,,,,,,,,,,,,,,
,,IMFL,Wine,,MOSAIC WHITE WINE,50,25,,,,,,,,,,,,,,,,,,
,,IMFL,Wine,,MOSSO PEACH WINE,50,25,,,,,,,,,,,,,,,,,,
,,IMFL,Wine,,MS CHARDONNAY/ SAUVIGNON BLANC,50,25,,,,,,,,,,,,,,,,,,
,,IMFL,Wine,,MS SANGIOVESE ROSE,50,25,,,,,,,,,,,,,,,,,,
,,IMFL,Wine,,MS SANGIOVESE/CABERNET FRANC/SYRAH,50,25,,,,,,,,,,,,,,,,,,
,,OS,Wine,,Mud House Sauvignon Blanc,50,25,,,,,,,,,,,,,,,,,,
,,IMFL,Wine,,NASHIK PORT GOLD SWEET RED WINE,50,25,,,,,,,,,,,,,,,,,,
,,OS,Wine,,Nederberg Sauvignon Blanc,50,25,,,,,,,,,,,,,,,,,,
,,OS,Wine,,Nederburg Shiraz Wine,50,25,,,,,,,,,,,,,,,,,,
,,IMFL,Wine,,NOI SPARKLING,50,25,,,,,,,,,,,,,,,,,,
,,IMFL,Wine,,NOI SPARKLING ROSE,50,25,,,,,,,,,,,,,,,,,,
,,IMFL,Wine,,Noi SPRITZER CLASSICO,50,25,,,,,,,,,,,,,,,,,,
,,OS,Wine,,"Officium, Brunello di Montalcino",50,25,,,,,,,,,,,,,,,,,,
,,IMFL,Wine,,ONE TREE HILL MULLED WINE,50,25,,,,,,,,,,,,,,,,,,
,,OS,Wine,,P.Ferraud & Fils Beaujolais Villages les Merrains,50,25,,,,,,,,,,,,,,,,,,
,,OS,Wine,,P.Ferraud & Fils IGP Merlot IGP,50,25,,,,,,,,,,,,,,,,,,
,,OS,Wine,,"Parallele 45, Cotes Du Rhone AOC",50,25,,,,,,,,,,,,,,,,,,
,,OS,Wine,,Paul Jaboulet Aine Chteauneuf du Pape,50,25,,,,,,,,,,,,,,,,,,
,,OS,Wine,,Periquita,50,25,,,,,,,,,,,,,,,,,,
,,IMFL,Wine,,Port Wine 1000,50,25,,,,,,,,,,,,,,,,,,
,,OS,Wine,,Portia Ribera Del Duero,50,25,,,,,,,,,,,,,,,,,,
,,OS,Wine,,PRELUDE DE GRAND PUY DUCASSE PAUILLAC ROUGE,50,25,,,,,,,,,,,,,,,,,,
,,OS,Wine,,Principe Corsini Le Corti Chianti Classico,50,25,,,,,,,,,,,,,,,,,,
,,IMFL,Wine,,RASA CABERNET SAUVIGNON,50,25,,,,,,,,,,,,,,,,,,
,,IMFL,Wine,,RASA SYRAH,50,25,,,,,,,,,,,,,,,,,,
,,IMFL,Wine,,RASA ZINFANDEL,50,25,,,,,,,,,,,,,,,,,,
,,IMFL,Wine,,RAYA RED,50,25,,,,,,,,,,,,,,,,,,
,,IMFL,Wine,,RESVERA LITE JAMUN,50,25,,,,,,,,,,,,,,,,,,
,,IMFL,Wine,,RESVERA PURE JAMUN,50,25,,,,,,,,,,,,,,,,,,
,,IMFL,Wine,,Rio Spritzer Fizzy Wine Cooler Cranberry,50,25,,,,,,,,,,,,,,,,,,
,,IMFL,Wine,,Rio Spritzer Fizzy Wine Cooler Lemon & Passion,50,25,,,,,,,,,,,,,,,,,,
,,IMFL,Wine,,Rio Spritzer Fizzy Wine Cooler Orange & Pineapple,50,25,,,,,,,,,,,,,,,,,,
,,IMFL,Wine,,Rio Strong Extra Dry Fizzy Wine,50,25,,,,,,,,,,,,,,,,,,
,,IMFL,Wine,,Rio Strong Fizzy Port Wine,50,25,,,,,,,,,,,,,,,,,,
,,OS,Wine,,Riunite Lambrusco Emillia IGT,50,25,,,,,,,,,,,,,,,,,,
,,OS,Wine,,Robert Mondavi Private selection Zinfandel,50,25,,,,,,,,,,,,,,,,,,
,,OS,Wine,,"Rolf Binder, HALLIWELL, Shiraz-Grenache",50,25,,,,,,,,,,,,,,,,,,
,,OS,Wine,,Ruffino Chianti DOCG,50,25,,,,,,,,,,,,,,,,,,
,,OS,Wine,,S'ANAVAI CAVA BRUT,50,25,,,,,,,,,,,,,,,,,,
,,OS,Wine,,Saint Claire Sauvignon Blanc,50,25,,,,,,,,,,,,,,,,,,
,,IMFL,Wine,,Samara Red Wine,50,25,,,,,,,,,,,,,,,,,,
,,IMFL,Wine,,Samara White Wine,50,25,,,,,,,,,,,,,,,,,,
,,OS,Wine,,Santa Cristina,50,25,,,,,,,,,,,,,,,,,,
,,OS,Wine,,"Santana Classic, Tempranillo",50,25,,,,,,,,,,,,,,,,,,
,,IMFL,Wine,,SATORI RED WINE,50,25,,,,,,,,,,,,,,,,,,
,,OS,Wine,,SCAIA CORVINA RED WINE,50,25,,,,,,,,,,,,,,,,,,
,,OS,Wine,,SENORITA CABERNET SAUVIGNON,50,25,,,,,,,,,,,,,,,,,,
,,OS,Wine,,SENORITA MALBEC RESERVA,50,25,,,,,,,,,,,,,,,,,,
,,OS,Wine,,SENORITA MERLOT RESERVA,50,25,,,,,,,,,,,,,,,,,,
,,OS,Wine,,SENORITA SAUVIGNON BLANC,50,25,,,,,,,,,,,,,,,,,,
,,OS,Wine,,SENSI 18K PROSECCO ROSE,50,25,,,,,,,,,,,,,,,,,,
,,OS,Wine,,Sensi Chianti Collezione,50,25,,,,,,,,,,,,,,,,,,
,,OS,Wine,,SENSI COLLEZIONE CABERNET TERRE SCICILIANE,50,25,,,,,,,,,,,,,,,,,,
,,OS,Wine,,SENSI COLLEZIONE SANGIOVESE,50,25,,,,,,,,,,,,,,,,,,
,,OS,Wine,,SENSI COLLEZIONE SHIRAZ TERRE SICILIANCE,50,25,,,,,,,,,,,,,,,,,,
,,OS,Wine,,SENSI MERLOT COLLEZIONE,50,25,,,,,,,,,,,,,,,,,,
,,OS,Wine,,Sensi Montepulciano D Abruzzo,50,25,,,,,,,,,,,,,,,,,,
,,OS,Wine,,Sensi Nero D Avola,50,25,,,,,,,,,,,,,,,,,,
,,OS,Wine,,SENSI NINFATO SULPHUR FREE,50,25,,,,,,,,,,,,,,,,,,
,,OS,Wine,,Sensi Pinot Grigio Collezione,50,25,,,,,,,,,,,,,,,,,,
,,OS,Wine,,Sensi Pinot Noir,50,25,,,,,,,,,,,,,,,,,,
,,OS,Wine,,Sensi Pinot Noir Rose 18K,50,25,,,,,,,,,,,,,,,,,,
,,OS,Wine,,"Sensi Prosecco 18 K, Brut",50,25,,,,,,,,,,,,,,,,,,
,,OS,Wine,,Sensi Vermentino,50,25,,,,,,,,,,,,,,,,,,
,,IMFL,Wine,,Sidus Premium Port wine,50,25,,,,,,,,,,,,,,,,,,
,,OS,Wine,,Soro Toscana Bianco,50,25,,,,,,,,,,,,,,,,,,
,,OS,Wine,,Soro Toscana Rosso,50,25,,,,,,,,,,,,,,,,,,
,,IMFL,Wine,,SULA BRUT CREMENT DE NASHIK,50,25,,,,,,,,,,,,,,,,,,
,,IMFL,Wine,,SULA BRUT METHODE TRADITIONNELLE,50,25,,,,,,,,,,,,,,,,,,
,,IMFL,Wine,,SULA BRUT TROPICALE METHODE TRADITIONNELLE,50,25,,,,,,,,,,,,,,,,,,
,,IMFL,Wine,,Sula Mosaic Chenin Sauvignon,50,25,,,,,,,,,,,,,,,,,,
,,IMFL,Wine,,Sula Mosaic Grenche Syrah,50,25,,,,,,,,,,,,,,,,,,
,,IMFL,Wine,,Sula Seco Methode Classique,50,25,,,,,,,,,,,,,,,,,,
,,IMFL,Wine,,Sula Seco Rose Methode Classique,50,25,,,,,,,,,,,,,,,,,,
,,IMFL,Wine,,SULA SPARKLING SHIRAZ CREMENT DE NASHIK,50,25,,,,,,,,,,,,,,,,,,
,,IMFL,Wine,,Sula Vineyards Chenin Blanc,50,25,,,,,,,,,,,,,,,,,,
,,IMFL,Wine,,Sula Vineyards Chenin Blanc Reserve,50,25,,,,,,,,,,,,,,,,,,
,,IMFL,Wine,,SULA VINEYARDS DINDORI RESERVE CHARDONNAY,50,25,,,,,,,,,,,,,,,,,,
,,IMFL,Wine,,Sula Vineyards Dindori Reserve Shiraz,50,25,,,,,,,,,,,,,,,,,,
,,IMFL,Wine,,Sula Vineyards Dindori Reserve Viognier,50,25,,,,,,,,,,,,,,,,,,
,,IMFL,Wine,,Sula Vineyards Late Harvest Chenin Blanc,50,25,,,,,,,,,,,,,,,,,,
,,IMFL,Wine,,SULA VINEYARDS RASA CABERNET SAUVIGNON,50,25,,,,,,,,,,,,,,,,,,
,,IMFL,Wine,,Sula Vineyards Rasa Shiraz,50,25,,,,,,,,,,,,,,,,,,
,,IMFL,Wine,,SULA VINEYARDS RASA ZINFANDEL,50,25,,,,,,,,,,,,,,,,,,
,,IMFL,Wine,,Sula Vineyards Riesling,50,25,,,,,,,,,,,,,,,,,,
,,IMFL,Wine,,Sula Vineyards Sauvignon Blanc,50,25,,,,,,,,,,,,,,,,,,
,,IMFL,Wine,,SULA VINEYARDS SHIRAZ CABERNET,50,25,,,,,,,,,,,,,,,,,,
,,IMFL,Wine,,Sula Vineyards Zinfandel,50,25,,,,,,,,,,,,,,,,,,
,,IMFL,Wine,,Sula Vineyards Zinfandel Rose,50,25,,,,,,,,,,,,,,,,,,
,,OS,Wine,,SUSANA BALBO CRIOS MALBEC,50,25,,,,,,,,,,,,,,,,,,
,,OS,Wine,,SUSANA BALBO CRIOS TORRONTES,50,25,,,,,,,,,,,,,,,,,,
,,OS,Wine,,TALINGA PARK CABERNET MERLOT,50,25,,,,,,,,,,,,,,,,,,
,,OS,Wine,,TALINGA PARK MOSCATO,50,25,,,,,,,,,,,,,,,,,,
,,OS,Wine,,TALINGA PARK PINOT NOIR,50,25,,,,,,,,,,,,,,,,,,
,,OS,Wine,,TALINGA PARK ROSE,50,25,,,,,,,,,,,,,,,,,,
,,OS,Wine,,TALINGA PARK SAUVIGNON BLANC,50,25,,,,,,,,,,,,,,,,,,
,,OS,Wine,,Temalo Cabernet Sauvignon,50,25,,,,,,,,,,,,,,,,,,
,,OS,Wine,,Temalo Malbec,50,25,,,,,,,,,,,,,,,,,,
,,OS,Wine,,Temalo Pinot Noir,50,25,,,,,,,,,,,,,,,,,,
,,OS,Wine,,"THALABERT, CROZES HERMITAGE JABOULET",50,25,,,,,,,,,,,,,,,,,,
,,OS,Wine,,The Chocolate Block,50,25,,,,,,,,,,,,,,,,,,
,,IMFL,Wine,,TILT BUBBLY,50,25,,,,,,,,,,,,,,,,,,
,,IMFL,Wine,,TILT BUBBLY ROSE,50,25,,,,,,,,,,,,,,,,,,
,,IMFL,Wine,,TILT RED,50,25,,,,,,,,,,,,,,,,,,
,,IMFL,Wine,,TILT WHITE,50,25,,,,,,,,,,,,,,,,,,
,,OS,Wine,,Trapiche Sauvignon Blanc,50,25,,,,,,,,,,,,,,,,,,
,,OS,Wine,,TRUE NOMAD PROSECCO,50,25,,,,,,,,,,,,,,,,,,
,,OS,Wine,,Two Oceans Chardonnay,50,25,,,,,,,,,,,,,,,,,,
,,OS,Wine,,Two Oceans Pinotage,50,25,,,,,,,,,,,,,,,,,,
,,OS,Wine,,Ventisquero Classico Carmenere,50,25,,,,,,,,,,,,,,,,,,
,,OS,Wine,,Ventisquero Classico Sauvignon Blanc,50,25,,,,,,,,,,,,,,,,,,
,,IMFL,Wine,,VERO BIANCO,50,25,,,,,,,,,,,,,,,,,,
,,IMFL,Wine,,VERO ROSE,50,25,,,,,,,,,,,,,,,,,,
,,IMFL,Wine,,VERO ROSSO,50,25,,,,,,,,,,,,,,,,,,
,,IMFL,Wine,,VIJAY AMRITRAJ RESERVE COLLECTION RED,50,25,,,,,,,,,,,,,,,,,,
,,IMFL,Wine,,VIJAY AMRITRAJ RESERVE COLLECTION WHITE,50,25,,,,,,,,,,,,,,,,,,
,,OS,Wine,,VILLA ANTINORI TOSCANA,50,25,,,,,,,,,,,,,,,,,,
,,OS,Wine,,VIRTO VINO BIANCO,50,25,,,,,,,,,,,,,,,,,,
,,OS,Wine,,WACHTENBURG GEWURZTRAMINER,50,25,,,,,,,,,,,,,,,,,,
,,OS,Wine,,WACHTENBURG RIESLING,50,25,,,,,,,,,,,,,,,,,,
,,OS,Wine,,WATERSTONE BRIDGE CHARDONNAY,50,25,,,,,,,,,,,,,,,,,,
,,OS,Wine,,WATERSTONE BRIDGE SHIRAZ,50,25,,,,,,,,,,,,,,,,,,
,,OS,Wine,,WINE MEN OF GOTHAM BRUT CUVEE,50,25,,,,,,,,,,,,,,,,,,
,,OS,Wine,,WINE MEN OF GOTHAM CABERNET SAUVIGNON,50,25,,,,,,,,,,,,,,,,,,
,,OS,Wine,,WINE MEN OF GOTHAM MOSCATO,50,25,,,,,,,,,,,,,,,,,,
,,OS,Wine,,WINE MEN OF GOTHAM ROSE,50,25,,,,,,,,,,,,,,,,,,
,,OS,Wine,,WINE MEN OF GOTHAM SHIRAZ CABERNET,50,25,,,,,,,,,,,,,,,,,,
,,OS,Wine,,WINE MEN OF GOTHAM SHIRAZ GRENACHE,50,25,,,,,,,,,,,,,,,,,,
,,OS,Wine,,Woodbridge Merlot,50,25,,,,,,,,,,,,,,,,,,
,,OS,Wine,,Woodbridge Moscato,50,25,,,,,,,,,,,,,,,,,,
,,OS,Wine,,Woodbridge Pinot Noir,50,25,,,,,,,,,,,,,,,,,,
,,OS,Wine,,Woodbridge Zinfandel,50,25,,,,,,,,,,,,,,,,,,
,,OS,Wine,,Yellow Tail Chardonnay,50,25,,,,,,,,,,,,,,,,,,
,,OS,Wine,,Yellow Tail Merlot,50,25,,,,,,,,,,,,,,,,,,
,,OS,Wine,,Yellow Tail Pink Bubbles Rose,50,25,,,,,,,,,,,,,,,,,,
,,OS,Wine,,Yellow Tail Shiraz,50,25,,,,,,,,,,,,,,,,,,
,,IMFL,Wine,,ZAMPA SOIREE BRUT,50,25,,,,,,,,,,,,,,,,,,
,,IMFL,Wine,,Zinzi Red Wine,50,25,,,,,,,,,,,,,,,,,,
,,IMFL,Wine,,Zinzi White Wine,50,25,,,,,,,,,,,,,,,,,,
,,IMFL,Wine,,ZIVA RED WINE,50,25,,,,,,,,,,,,,,,,,,
,,IMFL,Wine,,ZIVA ROSE WINE,50,25,,,,,,,,,,,,,,,,,,
,,IMFL,Wine,,ZIVA WHITE WINE,50,25,,,,,,,,,,,,,,,,,,
,,OS,Wine,,Zonin Prosecco,50,25,,,,,,,,,,,,,,,,,,
,,OS,Wine,,Zonin Ventiterre Chardonnay Italiano White Wine,50,25,,,,,,,,,,,,,,,,,,
,,OS,Wine,,Zonin Ventiterre Chianti DOCG Red Wine,50,25,,,,,,,,,,,,,,,,,,
,,OS,Wine,,Zonin Ventiterre Merlot Italiano Red Wine,50,25,,,,,,,,,,,,,,,,,,
