Category,Type,Brand Name,Size,Opening Stock
CS,Country Spirit,Alpha's Race,600 ml,50
CS,Country Spirit,Asd,600 ml,50
CS,Country Spirit,Avon,600 ml,50
CS,Country Spirit,Babu Moshai,600 ml,50
CS,Country Spirit,Bagh,600 ml,50
CS,Country Spirit,Bazigar,300 ml,50
CS,Country Spirit,Bengal Fighter,600 ml,50
CS,Country Spirit,Bengal Tiger Premium,600 ml,50
CS,Country Spirit,Bengal Tiger Strong,600 ml,50
CS,Country Spirit,Bengal's Pride,600 ml,50
CS,Country Spirit,Best Taste,600 ml,50
CS,Country Spirit,Bhai,300 ml,50
CS,Country Spirit,Bindash,600 ml,50
CS,Country Spirit,Bindash Premium,600 ml,50
CS,Country Spirit,Birat,300 ml,50
CS,Country Spirit,Black Twister,600 ml,50
CS,Country Spirit,Blu,600 ml,50
CS,Country Spirit,Bul Bul,300 ml,50
CS,Country Spirit,Bullet,600 ml,50
CS,Country Spirit,Bumpher,300 ml,50
CS,Country Spirit,Captain,600 ml,50
CS,Country Spirit,Champion,600 ml,50
CS,Country Spirit,Charlee,600 ml,50
CS,Country Spirit,Dada,600 ml,50
CS,Country Spirit,Dil Diamond,600 ml,50
CS,Country Spirit,Dil Khush,600 ml,50
CS,Country Spirit,Dil Se,600 ml,50
CS,Country Spirit,Dilruba,600 ml,50
CS,Country Spirit,Dilwale,600 ml,50
CS,Country Spirit,Dynamic A1,600 ml,50
CS,Country Spirit,Dynamic Blast,600 ml,50
CS,Country Spirit,Fantus,300 ml,50
CS,Country Spirit,Franky No. 1 Premium,600 ml,50
CS,Country Spirit,Galaxy Boss,600 ml,50
CS,Country Spirit,Globus Mahua,300 ml,50
CS,Country Spirit,Globus Taza,600 ml,50
CS,Country Spirit,Goldee Black,600 ml,50
CS,Country Spirit,Goldee Blue,600 ml,50
CS,Country Spirit,Goldee Red,600 ml,50
CS,Country Spirit,Guru,300 ml,50
CS,Country Spirit,Happy Gold (pet),600 ml,50
CS,Country Spirit,Happy Jio,300 ml,50
CS,Country Spirit,Hero,600 ml,50
CS,Country Spirit,Himalayan Fata Fati,300 ml,50
CS,Country Spirit,Himalayan Gold,600 ml,50
CS,Country Spirit,Himalayan Tuk Tuk,600 ml,50
CS,Country Spirit,Jackpot Premium,600 ml,50
CS,Country Spirit,Jd,600 ml,50
CS,Country Spirit,Jella,300 ml,50
CS,Country Spirit,Jhakaaas Premium,600 ml,50
CS,Country Spirit,Josh,600 ml,50
CS,Country Spirit,Joy,600 ml,50
CS,Country Spirit,Kachi,300 ml,50
CS,Country Spirit,Kps No 1,600 ml,50
CS,Country Spirit,Kps No1 Super Strong,600 ml,50
CS,Country Spirit,Leader,600 ml,50
CS,Country Spirit,Madira,300 ml,50
CS,Country Spirit,Magic Blue 80,600 ml,50
CS,Country Spirit,Mardaana,300 ml,50
CS,Country Spirit,Mastan,300 ml,50
CS,Country Spirit,Masti,300 ml,50
CS,Country Spirit,Maya,600 ml,50
CS,Country Spirit,Mejaj,600 ml,50
CS,Country Spirit,Millennium Royal,600 ml,50
CS,Country Spirit,Moharaja Bulet (pet),600 ml,50
CS,Country Spirit,Monalisa Blue,600 ml,50
CS,Country Spirit,Monalisa Blue (pet),600 ml,50
CS,Country Spirit,Monalisa Gold,600 ml,50
CS,Country Spirit,Monalisa Gold (pet),600 ml,50
CS,Country Spirit,Monalisa Mithi,300 ml,50
CS,Country Spirit,Mou No.1,300 ml,50
CS,Country Spirit,Nasha Strong,600 ml,50
CS,Country Spirit,Oye Oye,300 ml,50
CS,Country Spirit,P. K. Badsha,600 ml,50
CS,Country Spirit,P. K. Saheb,600 ml,50
CS,Country Spirit,Prakash 60,600 ml,50
CS,Country Spirit,Premium Red,600 ml,50
CS,Country Spirit,Pure Gold,600 ml,50
CS,Country Spirit,Pure Mahua,300 ml,50
CS,Country Spirit,Python,300 ml,50
CS,Country Spirit,Queen Royal Spirit,600 ml,50
CS,Country Spirit,Raja Strong,600 ml,50
CS,Country Spirit,Rana,600 ml,50
CS,Country Spirit,Rd,600 ml,50
CS,Country Spirit,Rkdstrong80,600 ml,50
CS,Country Spirit,S. K. Dey's Jd,600 ml,50
CS,Country Spirit,Sake,600 ml,50
CS,Country Spirit,Saki,600 ml,50
CS,Country Spirit,Sengupta's Punch,600 ml,50
CS,Country Spirit,Sengupta's Punch Platinum,600 ml,50
CS,Country Spirit,Sengupta's Spark,600 ml,50
CS,Country Spirit,Skd's Mohul,300 ml,50
CS,Country Spirit,Sms Rocket,600 ml,50
CS,Country Spirit,Sultan Premium,600 ml,50
CS,Country Spirit,Sun Fighter Spirit,600 ml,50
CS,Country Spirit,Teen Kuri,600 ml,50
CS,Country Spirit,Toofan Strong,600 ml,3619
CS,Country Spirit,Top 70,300 ml,3619
CS,Country Spirit,Uddan Premium,600 ml,3619
CS,Country Spirit,Ullash,600 ml,3619
IMFL,Beer,Amstel Super Premium Strong Beer,650  ml,3619
IMFL,Beer,Amstel Super Premium Strong Beer,500 ml,3619
IMFL,Beer,Beck's Ice Superior Strength,500 ml,3619
IMFL,Beer,Beck's Ice Superior Strength,650 ml,3619
IMFL,Beer,Bira91 Blonde Summer Lager Beer,500 ml,3619
IMFL,Beer,Bira91 Blonde Summer Lager Beer,650 ml,3619
IMFL,Beer,Bira91 Blonde Summer Lager Beer,330 ml,3619
IMFL,Beer,Bira91 Gold Wheat Strong Beer,650 ml,3619
IMFL,Beer,Bira91 Gold Wheat Strong Beer,500 ml,3619
IMFL,Beer,Budweiser Magnum Beer,330 ml,3619
IMFL,Beer,Budweiser Magnum Beer,500 ml,24
IMFL,Beer,Budweiser Magnum Strong Beer,500 ml,24
IMFL,Beer,Budweiser Magnum Strong Beer,330 ml,24
IMFL,Beer,Budweiser Magnum Strong Beer,650 ml,345
IMFL,Beer,Budweiser Premium King Of Beers,500 ml,130
IMFL,Beer,Budweiser Premium King Of Beers,330 ml,130
IMFL,Beer,Budweiser Premium King Of Beers,650 ml,130
IMFL,Beer,Carlsberg Elephant Extra Strong Super Premium Beer,650 ml,81
IMFL,Beer,Carlsberg Premium Elephant Strong,650 ml,81
IMFL,Beer,Carlsberg Smooth Premium Lager,330 ml,81
IMFL,Beer,Carlsberg Smooth Premium Lager,650 ml,85
IMFL,Beer,Carlsberg Supreme Strong Super Premium Beer,650 ml,85
IMFL,Beer,Corona Extra Premium Beer,330 ml,16
IMFL,Beer,Fosters Lager Beer,330 ml,16
IMFL,Beer,Fosters Lager Beer,500 ml,16
IMFL,Beer,Fosters Lager Beer,650 ml,16
IMFL,Beer,Haywards 5000 Premium Strong Beer,650 ml,16
IMFL,Beer,Haywards 5000 Premium Strong Beer,500 ml,16
IMFL,Beer,Haywards 5000 Super Strong Beer,650 ml,4161
IMFL,Beer,Haywards 5000 Super Strong Beer,500 ml,321
IMFL,Beer,Heineken Lager Beer,500 ml,321
IMFL,Beer,Heineken Lager Beer,650 ml,2
IMFL,Beer,Heineken Lager Beer,330 ml,5
IMFL,Beer,Heman 9000 Ultra Super Strong Beer,650 ml,6
IMFL,Beer,Hoegaarden Blanche Bier,330 ml,8
IMFL,Beer,Hoegaarden Witbier,330 ml,5
IMFL,Beer,Kalyani Black Label Strong Premium Beer,650 ml,9
IMFL,Beer,Kingfisher Premium Lager Beer,500 ml,8
IMFL,Beer,Kingfisher Premium Lager Beer,330 ml,9
IMFL,Beer,Kingfisher Premium Lager Beer,650 ml,16
IMFL,Beer,Kingfisher Special Lager Beer,650 ml,7
IMFL,Beer,Kingfisher Storm Premium Strong Beer,650 ml,4
IMFL,Beer,Kingfisher Storm Strong Beer,650 ml,75
IMFL,Beer,Kingfisher Storm Strong Beer,500 ml,7
IMFL,Beer,Kingfisher Strong Premium Beer,500 ml,8
IMFL,Beer,Kingfisher Strong Premium Beer,330 ml,9
IMFL,Beer,Kingfisher Strong Premium Beer,650 ml,1512
IMFL,Beer,Kingfisher Supreme Strong Beer,,1512
IMFL,Beer,Kingfisher Ultra Lager Beer,500 ml,1512
IMFL,Beer,Kingfisher Ultra Lager Beer,330 ml,1512
IMFL,Beer,Kingfisher Ultra Lager Beer,650 ml,1
IMFL,Beer,Kingfisher Ultra Max Premium Strong Beer,330 ml,1
IMFL,Beer,Kingfisher Ultra Max Premium Strong Beer,650 ml,1
IMFL,Beer,Kingfisher Ultra Witbier,330 ml,1
IMFL,Beer,Kingfisher Ultra Witbier,500 ml,1
IMFL,Beer,Kingfisher Ultra Witbier,650 ml,1
IMFL,Beer,Original Bira 91 White Beer,650 ml,1
IMFL,Beer,Original Bira 91 White Beer,500 ml,1
IMFL,Beer,Original Bira 91 White Beer,330 ml,1
IMFL,Beer,Original Bira91 White Beer,330 ml,1
IMFL,Beer,Original Bira91 White Beer,500 ml,1
IMFL,Beer,Premium Kiq,500 ml,97
IMFL,Beer,Premium Kiq,650 ml,97
IMFL,Beer,Premium Kiq Ultra Lager Beer,500 ml,97
IMFL,Beer,Premium Kiq Ultra Lager Beer,330 ml,97
IMFL,Beer,Premium Kiq Wheat Mild Beer,500 ml,97
IMFL,Beer,Premium Kiq Wheat Mild Beer,330 ml,97
IMFL,Beer,Royal Challenge Beer,330 ml,97
IMFL,Beer,Royal Challenge Beer,500 ml,97
IMFL,Beer,Royal Challenge Beer,650 ml,97
IMFL,Beer,Tuborg 1880 Classic Beer,650 ml,97
IMFL,Beer,Tuborg 1880 Mild Beer,650 ml,97
IMFL,Beer,Tuborg 1880 Mild Beer,330 ml,97
IMFL,Beer,Tuborg 1880 Strong Beer,650 ml,1522
IMFL,Beer,Tuborg Classic Black Gold Beer,650 ml,1522
IMFL,Beer,Tuborg Premium Mild 1880 Danish Beer,650 ml,1522
IMFL,Beer,Tuborg Strong Premium Beer,650 ml,1522
IMFL,Beer,Tuborg Supreme Strong Danish Beer,650 ml,1522
IMFL,Brandy,Bejois V.s.o.p. Blended Grape Brandy,750 ml,1522
IMFL,Brandy,Brihans Napoleon Brandy,750 ml,1522
IMFL,Brandy,Courier Napoleon Finest Pure Grape French Brandy,750 ml,1522
IMFL,Brandy,Doctor's Triple Crown Vsop Brandy,750 ml,11
IMFL,Brandy,Doctor's Triple Crown Vsop Brandy,180 ml,11
IMFL,Brandy,Doctor's Triple Crown Vsop Brandy,375 ml,11
IMFL,Brandy,Finest Mansion House French Brandy,750 ml,11
IMFL,Brandy,Finest Mansion House French Brandy,180 ml,11
IMFL,Brandy,Finest Mansion House French Brandy,375 ml,11
IMFL,Brandy,Golden Touch 24 Carat Xo Superior French Grape Brandy,750 ml,11
IMFL,Brandy,Honey Bee Premium Brandy,180 ml,11
IMFL,Brandy,Honey Bee Premium Brandy,375 ml,11
IMFL,Brandy,Honey Bee Premium Brandy,750 ml,11
IMFL,Brandy,Mansion House French Brandy,750 ml,11
IMFL,Brandy,Mount Brandy,180 ml,11
IMFL,Brandy,Mount Brandy,750 ml,11
IMFL,Brandy,Nautilus Premium Blended Xo Brandy,750 ml,11
IMFL,Brandy,Ti Courrier Napoleon Crafted French Brandy,750 ml,11
IMFL,Brandy,Ti Mansion House Rarest Spirit French Brandy,750 ml,11
IMFL,Brandy,Ti's Courrier Napoleon Classic French Brandy Green,750 ml,11
IMFL,Draught Beer,Caldera,20000 ml,11
IMFL,Draught Beer,Kingfisher Premium Lager Beer,20000 ml,11
IMFL,Draught Beer,Kingfisher Premium Lager Beer,30000 ml,11
IMFL,Draught Beer,Kingfisher Premium Lager Beer,50000 ml,11
IMFL,Draught Beer,Kingfisher Strong Premium Beer,20000 ml,11
IMFL,Draught Beer,Kingfisher Strong Premium Beer,30000 ml,11
IMFL,Draught Beer,Kingfisher Strong Premium Beer,50000 ml,11
IMFL,Gin,Amrut Nilgiris Indian Dry Gin,750 ml,11
IMFL,Gin,Blue Lagoon Gin Orange,180 ml,11
IMFL,Gin,Blue Lagoon Gin Orange,375 ml,11
IMFL,Gin,Blue Lagoon Gin Orange,750 ml,11
IMFL,Gin,Calcutta Gin,750 ml,11
IMFL,Gin,Greater Than London Dry Gin,750 ml,11
IMFL,Gin,Hapusa Himalayan Dry Gin,750 ml,11
IMFL,Gin,Jaisalmer Indian Craft Gin 750 Ml,750 ml,11
IMFL,Gin,Mcdowells Blue Riband Premium Extra Dry Gin,750 ml,11
IMFL,Gin,Mcdowells Blue Riband Tango Gin-n-orange,180 ml,11
IMFL,Gin,Mcdowells Blue Riband Tango Gin-n-orange,375 ml,11
IMFL,Gin,Mcdowells Blue Riband Tango Gin-n-orange,750 ml,11
IMFL,Gin,S1 Yummy Orange Gin,180 ml,11
IMFL,Gin,S1 Yummy Orange Gin,375 ml,11
IMFL,Gin,S1 Yummy Orange Gin,750 ml,11
IMFL,Gin,Terai India Dry Gin,750 ml,11
IMFL,LAB,Bacardi + Cranberry Flavoured Rum Mixed Drink,275 ml,11
IMFL,LAB,Bacardi + Orange Flavoured Rum Mixed Drink,275 ml,11
IMFL,LAB,Bacardi + Super Select Cranberry Flavoured,275 ml,11
IMFL,LAB,Bacardi + Super Select Orange Flavoured,275 ml,11
IMFL,LAB,Breezer Blackberry Crush,275 ml,11
IMFL,LAB,Breezer Blackberry Crush,275 ml,11
IMFL,LAB,Breezer Bliss Juniper N Lime Flavoured,275 ml,11
IMFL,LAB,Breezer Bliss Lemony Iced Tea Flavoured,275 ml,11
IMFL,LAB,Breezer Bliss Super Select Juniper & Lime Flavoured,275 ml,11
IMFL,LAB,Breezer Bliss Super Select Lemony Iced Tea,275 ml,11
IMFL,LAB,Breezer Blueberry,275 ml,11
IMFL,LAB,Breezer Cranberry,275 ml,11
IMFL,LAB,Breezer Jamaican Passion,275 ml,11
IMFL,LAB,Breezer Orange,275 ml,11
IMFL,LAB,Breezer Super Select Crisp Watermelon Mint Flavour,275 ml,11
IMFL,LAB,Breezer Super Select Delicious Black Berry Crush Flavour,275 ml,11
IMFL,LAB,Breezer Super Select Exotic Jamaican Passion Flavour,275 ml,11
IMFL,LAB,Breezer Super Select Tangy Cranberry Flavour,275 ml,11
IMFL,LAB,Breezer Super Select Tasty Blue Berry Flavour,275 ml,11
IMFL,LAB,Breezer Super Select Zesty Orange Flavour,275 ml,11
IMFL,LAB,Breezer Watermelon Mint,275 ml,11
IMFL,LAB,Breezer Zesty Orange,275 ml,11
IMFL,Rum,Bacardi Apple Original Apple Rum,180 ml,11
IMFL,Rum,Bacardi Apple Original Apple Rum,375 ml,11
IMFL,Rum,Bacardi Apple Original Apple Rum,750 ml,11
IMFL,Rum,Bacardi Black Original Premium Crafted Rum,,11
IMFL,Rum,Bacardi Carta Blanca Superior White Rum,180 ml,11
IMFL,Rum,Bacardi Carta Blanca Superior White Rum,375 ml,11
IMFL,Rum,Bacardi Carta Blanca Superior White Rum,750 ml,11
IMFL,Rum,Bacardi Carta Oro Superior Gold Rum,,11
IMFL,Rum,Bacardi Classic Black Original Premium Crafted Rum,,11
IMFL,Rum,Bacardi Limon Original Citrus Rum,180 ml,11
IMFL,Rum,Bacardi Limon Original Citrus Rum,375 ml,11
IMFL,Rum,Bacardi Limon Original Citrus Rum,750 ml,11
IMFL,Rum,Bacardi Orange Original Orange Rum,375 ml,11
IMFL,Rum,Bacardi Orange Original Orange Rum,750 ml,11
IMFL,Rum,Black By Bacardi Deluxe Original Premium Crafted Rum,180 ml,11
IMFL,Rum,Black By Bacardi Deluxe Original Premium Crafted Rum,375 ml,11
IMFL,Rum,Black By Bacardi Deluxe Original Premium Crafted Rum,750 ml,11
IMFL,Rum,Black By Bacardi Original Premium Crafted Rum,750 ml,11
IMFL,Rum,Black Cat Special Rum,180 ml,11
IMFL,Rum,Black Cat Special Rum,375 ml,11
IMFL,Rum,Black Cat Special Rum,750 ml,11
IMFL,Rum,Brihans Tropicana Export Quality XXX Matured White Rum,750 ml,11
IMFL,Rum,Calypso Original XXX Rum,375 ml,11
IMFL,Rum,Calypso Original XXX Rum,500 ml,11
IMFL,Rum,Calypso Original XXX Rum,750 ml,11
IMFL,Rum,Commander N Chief Caribbean Gold XXX Rum,750 ml,11
IMFL,Rum,Contessa Matured XXX Rum,180 ml,11
IMFL,Rum,Contessa Matured XXX Rum,375 ml,11
IMFL,Rum,Contessa Matured XXX Rum,750 ml,11
IMFL,Rum,Contessa XXX Rum Blended With Matured Cane Juice Spirit,,11
IMFL,Rum,Cosmos Fifty XXX Rum,375 ml,11
IMFL,Rum,Cosmos Fifty XXX Rum,500 ml,11
IMFL,Rum,Cosmos Fifty XXX Rum,750 ml,11
IMFL,Rum,Emboss XXX Rum,375 ml,11
IMFL,Rum,Emboss XXX Rum,750 ml,11
IMFL,Rum,Episode Deluxe XXX Rum,180 ml,11
IMFL,Rum,Episode Deluxe XXX Rum,375 ml,11
IMFL,Rum,Episode Deluxe XXX Rum,750 ml,11
IMFL,Rum,Golden Monkey Dark Classic Rum,375 ml,11
IMFL,Rum,Golden Monkey Dark Classic Rum,500 ml,11
IMFL,Rum,Golden Monkey Dark Classic Rum,750 ml,11
IMFL,Rum,Hercules XXX Rum,,11
IMFL,Rum,Himalayan Bear Fine Indian Rum,375 ml,11
IMFL,Rum,Himalayan Bear Fine Indian Rum,500 ml,11
IMFL,Rum,Himalayan Bear Fine Indian Rum,750 ml,11
IMFL,Rum,Jolly Roger Premium XXX Rum,,11
IMFL,Rum,Lord Nelson XXX Matured Rum,,11
IMFL,Rum,Madira XXX Rum,750 ml,11
IMFL,Rum,Mcdowells No.1 Celebration Matured XXX Rum,500 ml,83
IMFL,Rum,Mcdowells No.1 Celebration Matured XXX Rum,750 ml,63
IMFL,Rum,Mcdowells No.1 Celebration Matured XXX Rum,180 ml,377
IMFL,Rum,Mcdowells No.1 Celebration Matured XXX Rum,375 ml,204
IMFL,Rum,Night Fighter's Matured XXX Rum,375 ml,204
IMFL,Rum,Night Fighter's Matured XXX Rum,500 ml,204
IMFL,Rum,Night Fighter's Matured XXX Rum,750 ml,204
IMFL,Rum,Officer's Choice Original XXX Rum,750 ml,204
IMFL,Rum,Old Habbit XXX Rum,180 ml,204
IMFL,Rum,Old Habbit XXX Rum,375 ml,204
IMFL,Rum,Old Habbit XXX Rum,750 ml,204
IMFL,Rum,Old Monk Apple Rum,750 ml,204
IMFL,Rum,Old Monk Gold Reserve Select Rum,180 ml,204
IMFL,Rum,Old Monk Gold Reserve Select Rum,375 ml,204
IMFL,Rum,Old Monk Gold Reserve Select Rum,750 ml,204
IMFL,Rum,Old Monk Lemon Rum,750 ml,12
IMFL,Rum,Old Monk Matured XXX Premium Rum Very Old Vatted,180 ml,111
IMFL,Rum,Old Monk Matured XXX Premium Rum Very Old Vatted,375 ml,47
IMFL,Rum,Old Monk Matured XXX Premium Rum Very Old Vatted,500 ml,38
IMFL,Rum,Old Monk Matured XXX Premium Rum Very Old Vatted,750 ml,37
IMFL,Rum,Old Monk Orange Rum,750 ml,37
IMFL,Rum,Old Monk Supreme Deluxe XXX Rum Very Old Vatted,750 ml,37
IMFL,Rum,Old Monk The Legend Rum Very Old Vatted,750 ml,37
IMFL,Rum,Old Monk Very Old Vatted XXX Rum,,37
IMFL,Rum,Old Monk White Premium Rum,180 ml,37
IMFL,Rum,Old Monk White Premium Rum,375 ml,37
IMFL,Rum,Old Monk White Premium Rum,750 ml,37
IMFL,Rum,Old Port Deluxe Matured Rum,,37
IMFL,Rum,Red Indian XXX Deluxe Rum,180 ml,37
IMFL,Rum,Red Indian XXX Deluxe Rum,375 ml,37
IMFL,Rum,Red Indian XXX Deluxe Rum,750 ml,37
IMFL,Rum,Rock The Real Rum,180 ml,37
IMFL,Rum,Rock The Real Rum,375 ml,37
IMFL,Rum,Rock The Real Rum,750 ml,37
IMFL,Rum,Royal Gentleman XXX Rum,375 ml,37
IMFL,Rum,Royal Gentleman XXX Rum,500 ml,37
IMFL,Rum,Royal Gentleman XXX Rum,750 ml,37
IMFL,Rum,Rumba Rum,375 ml,37
IMFL,Rum,Rumba Rum,500 ml,37
IMFL,Rum,Rumba Rum,750 ml,37
IMFL,Rum,Rumbola Matured XXX Rum,375 ml,37
IMFL,Rum,Rumbola Matured XXX Rum,500 ml,37
IMFL,Rum,Rumbola Matured XXX Rum,750 ml,37
IMFL,Rum,Seneor XXX Rum,375 ml,37
IMFL,Rum,Seneor XXX Rum,750 ml,37
IMFL,Rum,Skd's Exxober,375 ml,37
IMFL,Rum,Skd's Exxober,500 ml,37
IMFL,Rum,Skd's Exxober,750 ml,37
IMFL,Rum,Sspl Port Jamaica,375 ml,37
IMFL,Rum,Sspl Port Jamaica,500 ml,37
IMFL,Rum,Sspl Port Jamaica,750 ml,37
IMFL,Rum,Top 10 XXX Rum,375 ml,37
IMFL,Rum,Top 10 XXX Rum,500 ml,37
IMFL,Rum,Top 10 XXX Rum,750 ml,37
IMFL,Rum,Tuff XXX Rum,,37
IMFL,Rum,Very Old Vatted Old Monk Premium Rum,180 ml,37
IMFL,Rum,Very Old Vatted Old Monk Premium Rum,375 ml,37
IMFL,Rum,Very Old Vatted Old Monk Premium Rum,750 ml,37
IMFL,Rum,XXX Wonder Blend Dark Rum,500 ml,37
IMFL,Rum,XXX Wonder Blend Dark Rum,750 ml,37
IMFL,Vodka,Eristoff Triple Distilled Premium Vodka,750 ml,37
IMFL,Vodka,Fine Grain Voltage + Vodka,250  ml,37
IMFL,Vodka,Fine Grain Voltage + Vodka,375 ml,37
IMFL,Vodka,Fine Grain Voltage + Vodka,500 ml,37
IMFL,Vodka,Fine Grain Voltage + Vodka,750 ml,37
IMFL,Vodka,Gladiator Vintage Vodka,375 ml,37
IMFL,Vodka,Gladiator Vintage Vodka,500 ml,37
IMFL,Vodka,Gladiator Vintage Vodka,750 ml,37
IMFL,Vodka,Knight Rider Ultra Premium Green Apple Vodka,180 ml,37
IMFL,Vodka,Knight Rider Ultra Premium Green Apple Vodka,375 ml,37
IMFL,Vodka,Knight Rider Ultra Premium Green Apple Vodka,750 ml,37
IMFL,Vodka,Knight Rider Ultra Premium Vodka,180 ml,37
IMFL,Vodka,Knight Rider Ultra Premium Vodka,375 ml,37
IMFL,Vodka,Knight Rider Ultra Premium Vodka,750 ml,37
IMFL,Vodka,M2 Magic Moments Grain Vodka,,37
IMFL,Vodka,M2 Magic Moments Remix Green Apple Flavoured Vodka,,37
IMFL,Vodka,M2 Magic Moments Remix Orange Flavoured Vodka,,37
IMFL,Vodka,M2 Verve Magic Moments Super Premium Vodka,,37
IMFL,Vodka,Magic Moments Pure Grain Vodka,750 ml,37
IMFL,Vodka,Magic Moments Pure Grain Vodka,180 ml,37
IMFL,Vodka,Magic Moments Pure Grain Vodka,375 ml,37
IMFL,Vodka,Magic Moments Remix Flavoured Vodka Chocolate,180 ml,37
IMFL,Vodka,Magic Moments Remix Flavoured Vodka Chocolate,375 ml,37
IMFL,Vodka,Magic Moments Remix Grapefruit & Watermelon Smooth Flavoured Vodka,180 ml,37
IMFL,Vodka,Magic Moments Remix Grapefruit & Watermelon Smooth Flavoured Vodka,375 ml,37
IMFL,Vodka,Magic Moments Remix Grapefruit & Watermelon Smooth Flavoured Vodka,750 ml,37
IMFL,Vodka,Magic Moments Remix Smooth Green Apple Flavoured Vodka,180 ml,37
IMFL,Vodka,Magic Moments Remix Smooth Green Apple Flavoured Vodka,375 ml,37
IMFL,Vodka,Magic Moments Remix Smooth Green Apple Flavoured Vodka,750 ml,37
IMFL,Vodka,Magic Moments Remix Smooth Lemon Flavoured Vodka,180 ml,37
IMFL,Vodka,Magic Moments Remix Smooth Lemon Flavoured Vodka,375 ml,37
IMFL,Vodka,Magic Moments Remix Smooth Lemon Flavoured Vodka,750 ml,37
IMFL,Vodka,Magic Moments Remix Smooth Orange Flavoured Vodka,180 ml,37
IMFL,Vodka,Magic Moments Remix Smooth Orange Flavoured Vodka,375 ml,37
IMFL,Vodka,Magic Moments Remix Smooth Orange Flavoured Vodka,750 ml,37
IMFL,Vodka,Magic Moments Verve Green Apple Premium Flavoured Vodka,180 ml,37
IMFL,Vodka,Magic Moments Verve Green Apple Premium Flavoured Vodka,375 ml,37
IMFL,Vodka,Magic Moments Verve Green Apple Premium Flavoured Vodka,750 ml,37
IMFL,Vodka,Magic Moments Verve Premium Vodka,180 ml,37
IMFL,Vodka,Magic Moments Verve Premium Vodka,375 ml,37
IMFL,Vodka,Magic Moments Verve Premium Vodka,750 ml,37
IMFL,Vodka,Red Bliss Virgin Vodka,180 ml,37
IMFL,Vodka,Red Bliss Virgin Vodka,375 ml,37
IMFL,Vodka,Red Bliss Virgin Vodka,750 ml,37
IMFL,Vodka,S1 Vodka,180 ml,37
IMFL,Vodka,S1 Vodka,375 ml,37
IMFL,Vodka,S1 Vodka,500 ml,37
IMFL,Vodka,S1 Vodka,750 ml,37
IMFL,Vodka,Seagrams Fuel Vodka,180 ml,37
IMFL,Vodka,Seagrams Fuel Vodka,375 ml,37
IMFL,Vodka,Seagrams Fuel Vodka,750 ml,37
IMFL,Vodka,Smirnoff Triple Distilled Vodka,180 ml,37
IMFL,Vodka,Smirnoff Triple Distilled Vodka,375 ml,37
IMFL,Vodka,Smirnoff Triple Distilled Vodka,750 ml,37
IMFL,Vodka,Smrinoff Green Apple Triple Distilled Vodka,180 ml,37
IMFL,Vodka,Smrinoff Green Apple Triple Distilled Vodka,750 ml,37
IMFL,Vodka,Smrinoff Orange Triple Distilled Vodka,180 ml,37
IMFL,Vodka,White Mischief Green Apple Vodka,180 ml,37
IMFL,Vodka,White Mischief Green Apple Vodka,375 ml,37
IMFL,Vodka,White Mischief Green Apple Vodka,750 ml,37
IMFL,Vodka,White Mischief Lemon Vodka,180 ml,37
IMFL,Vodka,White Mischief Lemon Vodka,375 ml,37
IMFL,Vodka,White Mischief Lemon Vodka,750 ml,37
IMFL,Vodka,White Mischief Orange Vodka,180 ml,37
IMFL,Vodka,White Mischief Orange Vodka,375 ml,37
IMFL,Vodka,White Mischief Orange Vodka,750 ml,37
IMFL,Vodka,White Mischief Ultra Pure Vodka,180 ml,37
IMFL,Vodka,White Mischief Ultra Pure Vodka,375 ml,37
IMFL,Vodka,White Mischief Ultra Pure Vodka,750 ml,37
IMFL,Whisky,8 Pm Premium Black Whisky,180 ml,37
IMFL,Whisky,8 Pm Premium Black Whisky,375 ml,37
IMFL,Whisky,8 Pm Premium Black Whisky,750 ml,37
IMFL,Whisky,After Dark Premium Grain Whisky,180 ml,37
IMFL,Whisky,After Dark Premium Grain Whisky,375 ml,37
IMFL,Whisky,After Dark Premium Grain Whisky,750 ml,37
IMFL,Whisky,Amber Glen Blended Scotch Whisky,750 ml,37
IMFL,Whisky,Amrut Amalgam Malt Whisky,750 ml,37
IMFL,Whisky,Amrut Amalgam Peated Malt Whisky,750 ml,37
IMFL,Whisky,Amrut Fusion Single Malt Whisky,750 ml,37
IMFL,Whisky,Amrut Prestige Blended Malt Whisky,,37
IMFL,Whisky,Antiquity Blue Ultra Premium Whisky,180 ml,37
IMFL,Whisky,Antiquity Blue Ultra Premium Whisky,375 ml,37
IMFL,Whisky,Antiquity Blue Ultra Premium Whisky,750 ml,37
IMFL,Whisky,Antiquity Blue Ultra Premium Whisky- Gift Pack,750 ml,37
IMFL,Whisky,Astra Club Whiskey,375 ml,37
IMFL,Whisky,Astra Club Whiskey,500 ml,37
IMFL,Whisky,Astra Club Whiskey,750 ml,37
IMFL,Whisky,B & S Boiling Crowd Premium Whisky,180 ml,37
IMFL,Whisky,B & S Boiling Crowd Premium Whisky,375 ml,37
IMFL,Whisky,B & S Boiling Crowd Premium Whisky,750 ml,37
IMFL,Whisky,B & S Fire Water Classic Premium Whisky,180 ml,37
IMFL,Whisky,B & S Fire Water Classic Premium Whisky,375 ml,37
IMFL,Whisky,B & S Fire Water Classic Premium Whisky,750 ml,37
IMFL,Whisky,B & S Stay On Deluxe Whisky,180 ml,37
IMFL,Whisky,B & S Stay On Deluxe Whisky,375 ml,37
IMFL,Whisky,B & S Stay On Deluxe Whisky,750 ml,37
IMFL,Whisky,Bagpiper Deluxe Whisky,180 ml,37
IMFL,Whisky,Bagpiper Deluxe Whisky,375 ml,37
IMFL,Whisky,Bagpiper Deluxe Whisky,750 ml,37
IMFL,Whisky,Bkd's Red Neat Premium Whisky,375 ml,37
IMFL,Whisky,Bkd's Red Neat Premium Whisky,500 ml,37
IMFL,Whisky,Bkd's Red Neat Premium Whisky,750 ml,37
IMFL,Whisky,Black Hunt Fine Whisky,375 ml,37
IMFL,Whisky,Black Hunt Fine Whisky,500 ml,37
IMFL,Whisky,Black Hunt Fine Whisky,750 ml,37
IMFL,Whisky,Bottoms Up Premium Whisky,180 ml,37
IMFL,Whisky,Bottoms Up Premium Whisky,375 ml,37
IMFL,Whisky,Bottoms Up Premium Whisky,750 ml,37
IMFL,Whisky,Bull Fighter Whisky,375 ml,37
IMFL,Whisky,Bull Fighter Whisky,500 ml,37
IMFL,Whisky,Bull Fighter Whisky,750 ml,37
IMFL,Whisky,Cosmos Fifty Deluxe Whisky,375 ml,37
IMFL,Whisky,Cosmos Fifty Deluxe Whisky,500 ml,37
IMFL,Whisky,Cosmos Fifty Deluxe Whisky,750 ml,37
IMFL,Whisky,County Club Deluxe Whisky,375 ml,37
IMFL,Whisky,County Club Deluxe Whisky,500 ml,37
IMFL,Whisky,County Club Deluxe Whisky,750 ml,37
IMFL,Whisky,Dennis Special Whisky,,37
IMFL,Whisky,Dsp Black Deluxe Whisky,180 ml,37
IMFL,Whisky,Dsp Black Deluxe Whisky,375 ml,37
IMFL,Whisky,Dsp Black Deluxe Whisky,500 ml,37
IMFL,Whisky,Dsp Black Deluxe Whisky,750 ml,37
IMFL,Whisky,Dsp Black Deluxe Whisky,90 ml,37
IMFL,Whisky,Emboss Fine Whisky,375 ml,37
IMFL,Whisky,Emboss Fine Whisky,500 ml,37
IMFL,Whisky,Emboss Fine Whisky,750 ml,37
IMFL,Whisky,Episode Classic Whisky,180 ml,37
IMFL,Whisky,Episode Classic Whisky,375 ml,37
IMFL,Whisky,Episode Classic Whisky,750 ml,37
IMFL,Whisky,Farmers Malt Whisky,750 ml,37
IMFL,Whisky,Fireball Cinnamon Flavoured Whisky,750 ml,37
IMFL,Whisky,Gladiator Vintage Whisky,375 ml,37
IMFL,Whisky,Gladiator Vintage Whisky,500 ml,37
IMFL,Whisky,Gladiator Vintage Whisky,750 ml,37
IMFL,Whisky,Glory Fine Whisky,180 ml,37
IMFL,Whisky,Glory Fine Whisky,375 ml,37
IMFL,Whisky,Glory Fine Whisky,750 ml,37
IMFL,Whisky,Goa Special Whisky,180 ml,37
IMFL,Whisky,Goa Special Whisky,375 ml,37
IMFL,Whisky,Goa Special Whisky,750 ml,37
IMFL,Whisky,Golden Touch 24 Carat Ultra-premium Indian Whisky With Scotch,,37
IMFL,Whisky,Governors Reserve 100% Premier Grain Whisky,180 ml,37
IMFL,Whisky,Governors Reserve 100% Premier Grain Whisky,375 ml,37
IMFL,Whisky,Governors Reserve 100% Premier Grain Whisky,750 ml,37
IMFL,Whisky,Governors Reserve Connoisseur Edition Premier Grain Whisky,180 ml,37
IMFL,Whisky,Governors Reserve Connoisseur Edition Premier Grain Whisky,375 ml,37
IMFL,Whisky,Governors Reserve Connoisseur Edition Premier Grain Whisky,750 ml,37
IMFL,Whisky,Governors Reserve Connoisseur Edition Premier Grain Whisky - Gift Pack,,37
IMFL,Whisky,Happy Royal Premium Whisky,375 ml,37
IMFL,Whisky,Happy Royal Premium Whisky,500 ml,37
IMFL,Whisky,Highbury Classic Rare Reserve Whisky,750 ml,37
IMFL,Whisky,Himalayan Bear Fine Indian Whiskey,375 ml,37
IMFL,Whisky,Himalayan Bear Fine Indian Whiskey,500 ml,37
IMFL,Whisky,Himalayan Bear Fine Indian Whiskey,750 ml,37
IMFL,Whisky,Hk Blue Premium Whisky,375 ml,37
IMFL,Whisky,Hk Blue Premium Whisky,500 ml,37
IMFL,Whisky,Hk Blue Premium Whisky,750 ml,37
IMFL,Whisky,Imperial Black Exquisite Grain Whisky(gift Pack),750 ml,37
IMFL,Whisky,India No. 1 Rare Premier Whisky,180 ml,37
IMFL,Whisky,India No. 1 Rare Premier Whisky,375 ml,37
IMFL,Whisky,India No. 1 Rare Premier Whisky,750 ml,37
IMFL,Whisky,Indri Single Malt Indian Whisky,750 ml,37
IMFL,Whisky,Legend Premium Whisky,180 ml,37
IMFL,Whisky,Legend Premium Whisky,375 ml,37
IMFL,Whisky,Legend Premium Whisky,750 ml,37
IMFL,Whisky,Lot 50 Classic Whisky,375 ml,37
IMFL,Whisky,Lot 50 Classic Whisky,500 ml,37
IMFL,Whisky,Lot 50 Classic Whisky,750 ml,37
IMFL,Whisky,Maqintosh Blue Reserve Whisky,750 ml,2
IMFL,Whisky,Maqintosh Silver Edition Whisky,750 ml,8
IMFL,Whisky,Mc Dowells No.1 Luxury Premium Whisky,180 ml,48
IMFL,Whisky,Mc Dowells No.1 Luxury Premium Whisky,375 ml,37
IMFL,Whisky,Mc Dowells No.1 Luxury Premium Whisky,750 ml,174
IMFL,Whisky,Mcdowell's No. 1 Superior Whisky,180 ml,267
IMFL,Whisky,Mcdowell's No. 1 Superior Whisky,375 ml,145
IMFL,Whisky,Mcdowell's No. 1 Superior Whisky,750 ml,212
IMFL,Whisky,Mcdowells No.1 Platinum Classic Whisky,180 ml,212
IMFL,Whisky,Mcdowells No.1 Platinum Classic Whisky,375 ml,212
IMFL,Whisky,Mcdowells No.1 Platinum Classic Whisky,750 ml,212
IMFL,Whisky,Mcdowells No.1 Reserve Whisky,180 ml,212
IMFL,Whisky,Mcdowells No.1 Reserve Whisky,375 ml,212
IMFL,Whisky,Mcdowells No.1 Reserve Whisky,750 ml,212
IMFL,Whisky,New Improved Aristocrat Premium Whisky,,212
IMFL,Whisky,Oaksmith Gold International Blended Whisky,750 ml,28
IMFL,Whisky,Oaksmith Gold International Blended Whisky,180 ml,41
IMFL,Whisky,Oaksmith Gold International Blended Whisky,375 ml,25
IMFL,Whisky,Oaksmith Gold International Blended Whisky (gift Pack),750 ml,25
IMFL,Whisky,Oaksmith International Blended Whisky,180 ml,25
IMFL,Whisky,Oaksmith International Blended Whisky,375 ml,25
IMFL,Whisky,Oaksmith International Blended Whisky,750 ml,42
IMFL,Whisky,Oakton Barrel Aged Rare Premier Grain Whisky,750 ml,6
IMFL,Whisky,Oakton Barrel Aged Rare Premier Grain Whisky,375 ml,5
IMFL,Whisky,Oakton Barrel Aged Rare Premier Grain Whisky,180 ml,5
IMFL,Whisky,Oakton Barrel Aged Rare Premier Grain Whisky - Gift Pack,,5
IMFL,Whisky,Officer's Choice Blue Prime Grain Whisky,180 ml,572
IMFL,Whisky,Officer's Choice Blue Prime Grain Whisky,375 ml,309
IMFL,Whisky,Officer's Choice Blue Prime Grain Whisky,500 ml,195
IMFL,Whisky,Officer's Choice Blue Prime Grain Whisky,750 ml,562
IMFL,Whisky,Officer's Choice Deluxe Whisky,180 ml,758
IMFL,Whisky,Officer's Choice Deluxe Whisky,375 ml,309
IMFL,Whisky,Officer's Choice Deluxe Whisky,500 ml,120
IMFL,Whisky,Officer's Choice Deluxe Whisky,750 ml,105
IMFL,Whisky,Officer's Choice Elite Whisky,180 ml,105
IMFL,Whisky,Officer's Choice Elite Whisky,375 ml,105
IMFL,Whisky,Officer's Choice Elite Whisky,500 ml,105
IMFL,Whisky,Officer's Choice Elite Whisky,750 ml,105
IMFL,Whisky,Officers Choice Blue Prime Grain Whisky (gift Pack),750 ml,105
IMFL,Whisky,Officers Choice Blue Pure Grain Whisky,,105
IMFL,Whisky,Officers Choice Blue Rare Grain Whisky,,105
IMFL,Whisky,Officers Choice Prestige Whisky,,105
IMFL,Whisky,Old Admiral Deluxe Whisky,180 ml,105
IMFL,Whisky,Old Admiral Deluxe Whisky,375 ml,105
IMFL,Whisky,Old Admiral Deluxe Whisky,750 ml,105
IMFL,Whisky,Old Habbit Whisky,180 ml,105
IMFL,Whisky,Old Habbit Whisky,375 ml,105
IMFL,Whisky,Old Habbit Whisky,750 ml,105
IMFL,Whisky,Paul John Indian Single Malt Whisky - Bold,750 ml,105
IMFL,Whisky,Paul John Indian Single Malt Whisky - Brilliance,750 ml,105
IMFL,Whisky,"Paul John Indian Single Malt Whisky, Nirvana Unpeated",750 ml,105
IMFL,Whisky,Peter Cat Fine Grain Whisky,375 ml,105
IMFL,Whisky,Peter Cat Fine Grain Whisky,500 ml,105
IMFL,Whisky,Peter Cat Fine Grain Whisky,750 ml,105
IMFL,Whisky,Peter Scot Malt Whisky,750 ml,105
IMFL,Whisky,Rampur Indian Single Malt Whisky Non-chill Filtered Double Cask-750ml,750 ml,105
IMFL,Whisky,Red Knight Finest Malt Blended Whisky,,105
IMFL,Whisky,Regal Talons Deluxe Rare Generation Whisky,180 ml,105
IMFL,Whisky,Regal Talons Deluxe Rare Generation Whisky,375 ml,105
IMFL,Whisky,Rock Sea Fine Whisky,375 ml,105
IMFL,Whisky,Rock Sea Fine Whisky,500 ml,105
IMFL,Whisky,Rock Sea Fine Whisky,750 ml,105
IMFL,Whisky,Rockdove Premium Whisky,180 ml,105
IMFL,Whisky,Rockdove Premium Whisky,375 ml,105
IMFL,Whisky,Rockdove Premium Whisky,750 ml,105
IMFL,Whisky,Rockford Classic Finest Blended Whisky,375 ml,105
IMFL,Whisky,Rockford Classic Finest Blended Whisky,750 ml,105
IMFL,Whisky,Roulette Premium Whisky,,105
IMFL,Whisky,Royal Challenge American Pride Fine Gold Whisky,180 ml,105
IMFL,Whisky,Royal Challenge American Pride Fine Gold Whisky,750 ml,105
IMFL,Whisky,Royal Challenge Finest Premium Whisky,180 ml,105
IMFL,Whisky,Royal Challenge Finest Premium Whisky,375 ml,105
IMFL,Whisky,Royal Challenge Finest Premium Whisky,750 ml,105
IMFL,Whisky,Royal Challenge Premium Gold Whisky,180 ml,105
IMFL,Whisky,Royal Challenge Premium Gold Whisky,375 ml,105
IMFL,Whisky,Royal Challenge Premium Gold Whisky,750 ml,105
IMFL,Whisky,Royal Challenge Premium Gold Whisky - Gift Pack,750 ml,105
IMFL,Whisky,Royal Gentleman Premium Whisky,375 ml,105
IMFL,Whisky,Royal Gentleman Premium Whisky,500 ml,105
IMFL,Whisky,Royal Gentleman Premium Whisky,750 ml,105
IMFL,Whisky,Royal Green Premium Blended Whisky,180 ml,105
IMFL,Whisky,Royal Green Premium Blended Whisky,375 ml,105
IMFL,Whisky,Royal Green Premium Blended Whisky,750 ml,105
IMFL,Whisky,Royal Lancer Whisky,375 ml,105
IMFL,Whisky,Royal Lancer Whisky,750 ml,105
IMFL,Whisky,Royal Ranthambore Heritage Collection Royal Crafted Reserve Whisky,180 ml,105
IMFL,Whisky,Royal Ranthambore Heritage Collection Royal Crafted Reserve Whisky,375 ml,105
IMFL,Whisky,Royal Ranthambore Heritage Collection Royal Crafted Reserve Whisky,750 ml,105
IMFL,Whisky,Seagram's Royal Stag Classic Whisky,,105
IMFL,Whisky,Seagram's Royal Stag Classic Whisky,,105
IMFL,Whisky,Seagrams Blenders Pride Reserve Collection Whisky,180 ml,105
IMFL,Whisky,Seagrams Blenders Pride Reserve Collection Whisky,375 ml,105
IMFL,Whisky,Seagrams Blenders Pride Reserve Collection Whisky,750 ml,9
IMFL,Whisky,Seagrams Blenders Pride Reserve Collection Whisky (gift Pack),750 ml,9
IMFL,Whisky,Seagrams Blenders Pride Select Premium Whisky,180 ml,39
IMFL,Whisky,Seagrams Blenders Pride Select Premium Whisky,375 ml,50
IMFL,Whisky,Seagrams Blenders Pride Select Premium Whisky,750 ml,156
IMFL,Whisky,Seagrams Blenders Pride Ultra Premium Whisky,180 ml,156
IMFL,Whisky,Seagrams Blenders Pride Ultra Premium Whisky,375 ml,156
IMFL,Whisky,Seagrams Imperial Black Exquisite Grain Whisky,180 ml,156
IMFL,Whisky,Seagrams Imperial Black Exquisite Grain Whisky,375 ml,156
IMFL,Whisky,Seagrams Imperial Black Exquisite Grain Whisky,750 ml,11
IMFL,Whisky,Seagrams Imperial Blue Authentic Grain Whisky,375 ml,11
IMFL,Whisky,Seagrams Imperial Blue Authentic Grain Whisky,750 ml,11
IMFL,Whisky,Seagrams Imperial Blue Classic Grain Whisky,180 ml,507
IMFL,Whisky,Seagrams Imperial Blue Classic Grain Whisky,375 ml,309
IMFL,Whisky,Seagrams Imperial Blue Classic Grain Whisky,750 ml,257
IMFL,Whisky,Seagrams Imperial Blue Classic Grain Whisky ( Gift Pack),750 ml,257
IMFL,Whisky,Seagrams Royal Stag Barrel Select Whisky,180 ml,38
IMFL,Whisky,Seagrams Royal Stag Barrel Select Whisky,375 ml,19
IMFL,Whisky,Seagrams Royal Stag Barrel Select Whisky,750 ml,24
IMFL,Whisky,Seagrams Royal Stag Barrel Select Whisky (gift Pack),750 ml,24
IMFL,Whisky,Seagrams Royal Stag Blended Whisky,180 ml,222
IMFL,Whisky,Seagrams Royal Stag Blended Whisky,375 ml,144
IMFL,Whisky,Seagrams Royal Stag Blended Whisky,500 ml,111
IMFL,Whisky,Seagrams Royal Stag Blended Whisky,750 ml,157
IMFL,Whisky,Seagrams Royal Stag Blended Whisky (gift Pack),750 ml,157
IMFL,Whisky,Seneor Premium Whisky,375 ml,157
IMFL,Whisky,Seneor Premium Whisky,750 ml,157
IMFL,Whisky,Seventh Heaven Blue Ultra Premier Grain Whisky,180 ml,157
IMFL,Whisky,Seventh Heaven Blue Ultra Premier Grain Whisky,375 ml,157
IMFL,Whisky,Seventh Heaven Blue Ultra Premier Grain Whisky,750 ml,157
IMFL,Whisky,Signature Premier Grain Whisky,180 ml,23
IMFL,Whisky,Signature Premier Grain Whisky,375 ml,36
IMFL,Whisky,Signature Premier Grain Whisky,750 ml,210
IMFL,Whisky,Signature Premier Grain Whisky- Gift Pack,750 ml,210
IMFL,Whisky,Signature Rare Aged Whisky,180 ml,210
IMFL,Whisky,Signature Rare Aged Whisky,375 ml,210
IMFL,Whisky,Signature Rare Aged Whisky,750 ml,210
IMFL,Whisky,Skds Parkey,375 ml,210
IMFL,Whisky,Skds Parkey,500 ml,210
IMFL,Whisky,Skds Parkey,750 ml,210
IMFL,Whisky,Solan Number One Black Rare & Premium Whisky,180 ml,210
IMFL,Whisky,Solan Number One Black Rare & Premium Whisky,375 ml,210
IMFL,Whisky,Solan Number One Black Rare & Premium Whisky,750 ml,210
IMFL,Whisky,Sspl Grand Knight,375 ml,210
IMFL,Whisky,Sspl Grand Knight,500 ml,210
IMFL,Whisky,Sspl Grand Knight,750 ml,210
IMFL,Whisky,Sterling Reserve B10 Premium Blended Whisky,180 ml,210
IMFL,Whisky,Sterling Reserve B10 Premium Blended Whisky,375 ml,210
IMFL,Whisky,Sterling Reserve B10 Premium Blended Whisky,750 ml,210
IMFL,Whisky,Sterling Reserve B10 Premium Blended Whisky (gift Pack),750 ml,210
IMFL,Whisky,Sterling Reserve B7 Classique Blended Whisky (gift Pack),750 ml,210
IMFL,Whisky,Sterling Reserve B7 Rare Blended Whisky,180 ml,238
IMFL,Whisky,Sterling Reserve B7 Rare Blended Whisky,375 ml,141
IMFL,Whisky,Sterling Reserve B7 Rare Blended Whisky,750 ml,244
IMFL,Whisky,Sterling Reserve B7 Rare Blended Whisky,750 ml,244
IMFL,Whisky,Sterling Reserve B7 Rare Blended Whisky (gift Pack),750 ml,244
IMFL,Whisky,Sterling Reserve B7 Splendour Blended Whisky,180 ml,244
IMFL,Whisky,Sterling Reserve B7 Splendour Blended Whisky,375 ml,244
IMFL,Whisky,Sterling Reserve B7 Splendour Blended Whisky,750 ml,244
IMFL,Whisky,Sumo Special Whisky,375 ml,5
IMFL,Whisky,Sumo Special Whisky,500 ml,7
IMFL,Whisky,Sumo Special Whisky,750 ml,23
IMFL,Whisky,The Empire Reserve Whisky,,23
IMFL,Whisky,The Hawkston Noble Reserve Superior Quality Whisky,375 ml,23
IMFL,Whisky,The Hawkston Noble Reserve Superior Quality Whisky,750 ml,23
IMFL,Whisky,The Rockford Reserve Fine And Rare Whisky,375 ml,23
IMFL,Whisky,The Rockford Reserve Fine And Rare Whisky,750 ml,23
IMFL,Whisky,Ti Mansion House Gold Whisky,750 ml,23
IMFL,Whisky,Top 10 Premium Whisky,375 ml,23
IMFL,Whisky,Top 10 Premium Whisky,500 ml,23
IMFL,Whisky,Top 10 Premium Whisky,750 ml,23
IMFL,Whisky,Triple Eight Blended Whisky,180 ml,23
IMFL,Whisky,Triple Eight Blended Whisky,375 ml,23
IMFL,Whisky,Triple Eight Blended Whisky,750 ml,23
IMFL,Whisky,True Blu Reserve Whisky,180 ml,23
IMFL,Whisky,True Blu Reserve Whisky,375 ml,23
IMFL,Whisky,True Blu Reserve Whisky,750 ml,23
IMFL,Whisky,Whytehall Classic Delux Whisky,,23
IMFL,Wine,Bro Code Kraft Sekt,375 ml,23
IMFL,Wine,Chandon Brut,750 ml,23
IMFL,Wine,Chandon Brut Rose,750 ml,23
IMFL,Wine,Chandon Delice,750 ml,23
IMFL,Wine,Chandon Rose,750 ml,23
IMFL,Wine,Dia Red Wine Sparkler,750 ml,23
IMFL,Wine,Dia White Wine Sparkler,750 ml,23
IMFL,Wine,Four Season Merlot Red Wine,750 ml,23
IMFL,Wine,Four Seasons Barrique Reserve Oak Aged Shiraz Red Wine,750 ml,23
IMFL,Wine,Four Seasons Cabernet Sauvignon Red Wine,750 ml,23
IMFL,Wine,Four Seasons Chenin Blanc White Wine,375 ml,23
IMFL,Wine,Four Seasons Chenin Blanc White Wine,750 ml,23
IMFL,Wine,Four Seasons Sauvignon Blanc White Wine,375 ml,23
IMFL,Wine,Four Seasons Sauvignon Blanc White Wine,750 ml,23
IMFL,Wine,Four Seasons Shiraz Red Wine,375 ml,23
IMFL,Wine,Four Seasons Shiraz Red Wine,750 ml,23
IMFL,Wine,Four Seasons Vintner's Reserve Select Barrels Cabernet Shiraz,750 ml,23
IMFL,Wine,Four Seasons Vintners Reserve Select Barrels 2011 Cabernet Shiraz,750 ml,23
IMFL,Wine,Fratelli Sette,750 ml,23
IMFL,Wine,Fratelli Shiraz Rose,750 ml,23
IMFL,Wine,Fratelli Wines Cabernet Franc Shiraz,375 ml,23
IMFL,Wine,Fratelli Wines Cabernet Franc Shiraz,750 ml,23
IMFL,Wine,Fratelli Wines Cabernet Sauvignon,750 ml,23
IMFL,Wine,Fratelli Wines Chardonnay,375 ml,23
IMFL,Wine,Fratelli Wines Chardonnay,750 ml,23
IMFL,Wine,Fratelli Wines Chenin Blanc,375 ml,23
IMFL,Wine,Fratelli Wines Chenin Blanc,750 ml,23
IMFL,Wine,Fratelli Wines Classic Chenin,375 ml,23
IMFL,Wine,Fratelli Wines Classic Chenin,750 ml,23
IMFL,Wine,Fratelli Wines Classic Marlot,375 ml,23
IMFL,Wine,Fratelli Wines Classic Marlot,750 ml,23
IMFL,Wine,Fratelli Wines Classic Shiraz,375 ml,23
IMFL,Wine,Fratelli Wines Classic Shiraz,750 ml,23
IMFL,Wine,Fratelli Wines Gran Cuvee Brut Sparkling,750 ml,23
IMFL,Wine,Fratelli Wines Merlot,750 ml,23
IMFL,Wine,Fratelli Wines Sangiovese,750 ml,23
IMFL,Wine,Fratelli Wines Sangiovese Bianco,750 ml,23
IMFL,Wine,Fratelli Wines Sauvignon Blanc,750 ml,23
IMFL,Wine,Frizzano Italian Collection Bainco White Sparkling Wine,750 ml,23
IMFL,Wine,Frizzano Italian Collection Forte Strong Sparkling Wine,750 ml,23
IMFL,Wine,Frizzano Italian Collection Rosato Rose Sparkling Wine,750 ml,23
IMFL,Wine,Frizzano Italian Collection Rosso Red Sparkling Wine,750 ml,23
IMFL,Wine,Frizzano Sparkling Wine Semi Dry,750 ml,23
IMFL,Wine,Goana's Premium Fortified Wine,750 ml,23
IMFL,Wine,Golconda Premium Red Wine,750 ml,23
IMFL,Wine,Golconda Premium Sweet Red Wine,750 ml,23
IMFL,Wine,Good Earth Antaraa Cabernet Shiraz Wine,750 ml,23
IMFL,Wine,Good Earth Bella Shiraz Rose Wine,750 ml,23
IMFL,Wine,Good Earth Blanca Chenin Blanc Wine,750 ml,23
IMFL,Wine,Good Earth Bleu Shiraz Cabernet Wine,750 ml,23
IMFL,Wine,Grover Art Collection Cabernet Shiraz,375 ml,23
IMFL,Wine,Grover Art Collection Cabernet Shiraz,750 ml,23
IMFL,Wine,Grover Art Collection Chenin Blanc,375 ml,23
IMFL,Wine,Grover Art Collection Chenin Blanc,750 ml,23
IMFL,Wine,Grover Art Collection Rose,750 ml,23
IMFL,Wine,Grover Art Collection Sauvignon Blanc,750 ml,23
IMFL,Wine,Grover Cabernet Shiraz Reserve Collection,375 ml,23
IMFL,Wine,Grover Cabernet Shiraz Reserve Collection,750 ml,23
IMFL,Wine,Grover Chene Grand Reserve - Tempranillo,750 ml,23
IMFL,Wine,Grover Chenin Blanc Reserve Collection,375 ml,23
IMFL,Wine,Grover Chenin Blanc Reserve Collection,750 ml,23
IMFL,Wine,Grover La Reserve Icon Blanc Wine,750 ml,23
IMFL,Wine,Grover La Reserve Icon Red Wine,750 ml,23
IMFL,Wine,Grover Sauvignon Blanc Reserve Collection,750 ml,23
IMFL,Wine,Grover Soiree Brut Magnifique,750 ml,23
IMFL,Wine,Grover Vineyards Cabernet Shiraz Art Collection Red Wine,750 ml,23
IMFL,Wine,Grover Vineyards La Reserve,750 ml,23
IMFL,Wine,Grover Vineyards La Reserve Blanc,750 ml,23
IMFL,Wine,Grover Vineyards Viognier Art Collection White Wine,750 ml,23
IMFL,Wine,J'noon India Red Wine,750 ml,23
IMFL,Wine,Kyra Premium Red Wine,375 ml,23
IMFL,Wine,Kyra Premium Red Wine,750 ml,23
IMFL,Wine,Kyra Premium White Wine,375 ml,23
IMFL,Wine,Kyra Premium White Wine,750 ml,23
IMFL,Wine,Madera Nashik Valley Red Wine,750 ml,23
IMFL,Wine,Madera Nashik Valley White Wine,750 ml,23
IMFL,Wine,Mosaic Red Wine,750 ml,23
IMFL,Wine,Mosaic White Wine,750 ml,23
IMFL,Wine,Mosso Peach Wine,750 ml,23
IMFL,Wine,Ms Chardonnay/ Sauvignon Blanc,750 ml,23
IMFL,Wine,Ms Sangiovese Rose,750 ml,23
IMFL,Wine,Ms Sangiovese/cabernet Franc/syrah,750 ml,23
IMFL,Wine,Nashik Port Gold Sweet Red Wine,750 ml,23
IMFL,Wine,Noi Sparkling,750 ml,23
IMFL,Wine,Noi Sparkling Rose,750 ml,23
IMFL,Wine,Noi Spritzer Classico,250  ml,23
IMFL,Wine,One Tree Hill Mulled Wine,375 ml,23
IMFL,Wine,One Tree Hill Mulled Wine,750 ml,23
IMFL,Wine,Port Wine 1000,750 ml,23
IMFL,Wine,Rasa Cabernet Sauvignon,750 ml,23
IMFL,Wine,Rasa Syrah,750 ml,23
IMFL,Wine,Rasa Zinfandel,750 ml,23
IMFL,Wine,Raya Red,750 ml,23
IMFL,Wine,Resvera Lite Jamun,375 ml,23
IMFL,Wine,Resvera Lite Jamun,750 ml,23
IMFL,Wine,Resvera Pure Jamun,375 ml,23
IMFL,Wine,Resvera Pure Jamun,750 ml,23
IMFL,Wine,Rio Spritzer Fizzy Wine Cooler Cranberry,330 ml,23
IMFL,Wine,Rio Spritzer Fizzy Wine Cooler Lemon & Passion,330 ml,23
IMFL,Wine,Rio Spritzer Fizzy Wine Cooler Orange & Pineapple,330 ml,23
IMFL,Wine,Rio Strong Extra Dry Fizzy Wine,330 ml,23
IMFL,Wine,Rio Strong Fizzy Port Wine,330 ml,23
IMFL,Wine,Samara Red Wine,750 ml,23
IMFL,Wine,Samara White Wine,750 ml,23
IMFL,Wine,Satori Red Wine,375 ml,23
IMFL,Wine,Satori Red Wine,750 ml,23
IMFL,Wine,Sidus Premium Port Wine,375 ml,23
IMFL,Wine,Sidus Premium Port Wine,750 ml,23
IMFL,Wine,Sula Brut Crement De Nashik,375 ml,23
IMFL,Wine,Sula Brut Crement De Nashik,750 ml,23
IMFL,Wine,Sula Brut Methode Traditionnelle,750 ml,23
IMFL,Wine,Sula Brut Tropicale Methode Traditionnelle,750 ml,23
IMFL,Wine,Sula Mosaic Chenin Sauvignon,750 ml,23
IMFL,Wine,Sula Mosaic Grenche Syrah,750 ml,23
IMFL,Wine,Sula Seco Methode Classique,750 ml,23
IMFL,Wine,Sula Seco Rose Methode Classique,750 ml,23
IMFL,Wine,Sula Sparkling Shiraz Crement De Nashik,750 ml,23
IMFL,Wine,Sula Vineyards Chenin Blanc,375 ml,23
IMFL,Wine,Sula Vineyards Chenin Blanc,750 ml,23
IMFL,Wine,Sula Vineyards Chenin Blanc Reserve,750 ml,23
IMFL,Wine,Sula Vineyards Dindori Reserve Chardonnay,750 ml,23
IMFL,Wine,Sula Vineyards Dindori Reserve Shiraz,375 ml,23
IMFL,Wine,Sula Vineyards Dindori Reserve Shiraz,750 ml,23
IMFL,Wine,Sula Vineyards Dindori Reserve Viognier,750 ml,23
IMFL,Wine,Sula Vineyards Late Harvest Chenin Blanc,375 ml,23
IMFL,Wine,Sula Vineyards Late Harvest Chenin Blanc,750 ml,23
IMFL,Wine,Sula Vineyards Rasa Cabernet Sauvignon,750 ml,23
IMFL,Wine,Sula Vineyards Rasa Shiraz,750 ml,23
IMFL,Wine,Sula Vineyards Rasa Zinfandel,750 ml,23
IMFL,Wine,Sula Vineyards Riesling,750 ml,23
IMFL,Wine,Sula Vineyards Sauvignon Blanc,375 ml,23
IMFL,Wine,Sula Vineyards Sauvignon Blanc,750 ml,23
IMFL,Wine,Sula Vineyards Shiraz Cabernet,375 ml,23
IMFL,Wine,Sula Vineyards Shiraz Cabernet,750 ml,23
IMFL,Wine,Sula Vineyards Zinfandel,750 ml,23
IMFL,Wine,Sula Vineyards Zinfandel Rose,750 ml,23
IMFL,Wine,Tilt Bubbly,250  ml,23
IMFL,Wine,Tilt Bubbly Rose,250  ml,23
IMFL,Wine,Tilt Red,250  ml,23
IMFL,Wine,Tilt White,250  ml,23
IMFL,Wine,Vero Bianco,750 ml,23
IMFL,Wine,Vero Rose,750 ml,23
IMFL,Wine,Vero Rosso,750 ml,23
IMFL,Wine,Vijay Amritraj Reserve Collection Red,750 ml,23
IMFL,Wine,Vijay Amritraj Reserve Collection White,750 ml,23
IMFL,Wine,Zampa Soiree Brut,750 ml,23
IMFL,Wine,Zinzi Red Wine,750 ml,23
IMFL,Wine,Zinzi White Wine,750 ml,23
IMFL,Wine,Ziva Red Wine,750 ml,23
IMFL,Wine,Ziva Rose Wine,750 ml,23
IMFL,Wine,Ziva White Wine,750 ml,23
OS,Chanmagne,Dom Perignon Cuvee Champagne,750 ml,23
OS,Chanmagne,Drappier Carte Dor Champagne,750 ml,23
OS,Chanmagne,G H Mumm Cordon Rouge Champagne,750 ml,
OS,Chanmagne,Moet & Chandon Imperial,750 ml,
OS,Chanmagne,Moet & Chandon Rose Imperial Champagne,750 ml,
OS,Cognac,Hennessy Vs Cognac,700 ml,1
OS,Cognac,Hennessy Vsop Cognac,700 ml,1
OS,Cognac,Martell Vsop Cognac,700 ml,
OS,Gin,Beefeater London Dry Gin,750 ml,
OS,Gin,Bombay Sapphire Distilled London Dry Gin,750 ml,14
OS,Gin,Cobalto 17 Gin,700 ml,
OS,Gin,Gordons London Dry Gin,750 ml,
OS,Gin,J. Logon's Original London Gin,700 ml,
OS,Gin,Jodhpur Imported London Dry Gin,700 ml,
OS,Gin,Martini Bianco Vermouth,1000 ml,
OS,Gin,Monkey 47 Schwarzwald Dry Gin,500 ml,2
OS,Gin,Roku Gin,700 ml,
OS,Gin,Tanquerary No Ten Distilled Gin,1000 ml,
OS,Gin,Tanqueray London Dry Gin,750 ml,
OS,Gin,The Original Gordons London Dry Gin,750 ml,2
OS,Liqueur,Jack Daniel's Original Recipe Tennessee Honey Finely Crafted Honey Liqueur,750 ml,3
OS,Liqueur,Jack Daniel's Original Recipe Tennessee Honey Finely Crafted Honey Liqueur,750 ml,3
OS,Liqueur,Jagermeister,750 ml,1
OS,Liqueur,Jagermeister,375 ml,
OS,Liqueur,Liqueur Triple Sec,700 ml,
OS,Liqueur,Martini Rosso Vermouth,1000 ml,
OS,Liqueur,Molinari Sambuca Extra Liqueur,750 ml,
OS,Liqueur,Orange Duck Triple Sec Liqueur,700 ml,1
OS,Liqueur,Patron Xo Cafe,750 ml,
OS,Liqueur,Ricard Anise,750 ml,
OS,Liqueur,Sambuca Liqueur,700 ml,
OS,Liqueur,Xenta Absenta,700 ml,1
OS,Rum,Bacardi Anejo Cuatro Aged 4 Years Aged Gold Rum,750 ml,
OS,Rum,Bacardi Reserva Ocho Aged 8 Years,750 ml,
OS,Tequila,Camino Real Gold Tequila,750 ml,
OS,Tequila,Casco Viejo Gold Tequila,750 ml,1
OS,Tequila,Casco Viejo Silver Tequila,750 ml,1
OS,Tequila,Corralejo Blanco Tequila,750 ml,
OS,Tequila,Corralejo Reposado Tequila,750 ml,
OS,Tequila,Don Angel Tequila Blanco,750 ml,
OS,Tequila,"Don Angel, Tequila Oro",1000 ml,
OS,Tequila,La Chica Tequila Blanco,700 ml,
OS,Tequila,La Chica Tequila Gold,700 ml,
OS,Tequila,Patron Silver Tequila,750 ml,
OS,Tequila,Tequila Acapulco Gold,700 ml,1
OS,Tequila,Tequila Acapulco Silver,700 ml,
OS,Tequila,Tequila Camino Real Blanco,750 ml,2
OS,Tequila,Tequila Corralejo Anejo,750 ml,
OS,Tequila,Tequila Corralejo Triple Destilado,750 ml,
OS,Vodka,2nite Vodka,1000 ml,
OS,Vodka,Absolut Citron Lemon Flavoured Vodka,750 ml,
OS,Vodka,Absolut Elyx Vodka,750 ml,
OS,Vodka,Absolut Grapefruit,750 ml,
OS,Vodka,Absolut India Vodka,750 ml,
OS,Vodka,Absolut Lime Lime Flavored Vodka,750 ml,
OS,Vodka,Absolut Mandrin Mandarin Flavoured Vodka,750 ml,
OS,Vodka,Absolut Peppar Flavoured Vodka,750 ml,
OS,Vodka,Absolut Raspberri Raspberry Flavored Vodka,750 ml,
OS,Vodka,Absolut Vodka,200 ml,
OS,Vodka,Absolut Vodka,750 ml,
OS,Vodka,Absolut Vodka Rainbow,750 ml,
OS,Vodka,Beluga Noble Vodka,700 ml,
OS,Vodka,Belvedere Vodka,700 ml,
OS,Vodka,Ciroc Snap Frost Vodka,750 ml,
OS,Vodka,D'yavol Single Estate Vodka,750 ml,
OS,Vodka,Finlandia Vodka Of Finland,750 ml,
OS,Vodka,Grey Goose Vodka,750 ml,12
OS,Vodka,Ketel One Vodka,750 ml,
OS,Vodka,Kremlin Award Classic Vodka,700 ml,
OS,Vodka,Skyy Vodka,750 ml,1
OS,Vodka,Stolichnaya Vodka,750 ml,
OS,Vodka,Tito's Handmade Vodka,750 ml,
OS,Whisky,Aberfeldy Single Highland Malt Scotch Whisky Aged,,
OS,Whisky,Aberfeldy Single Highland Malt Scotch Whisky Aged 12 Years,750 ml,
OS,Whisky,Aberlour Highland Single Malt Scotch Whisky 12 Years Old,700 ml,
OS,Whisky,Aberlour Highland Single Malt Scotch Whisky 16 Years Old,700 ml,
OS,Whisky,Aberlour Highland Single Malt Scotch Whisky 18 Years Old,700 ml,
OS,Whisky,Aberlour Speyside Single Malt Scotch Whisky 12 Years Old,700 ml,
OS,Whisky,Aberlour Speyside Single Malt Scotch Whisky 16 Years Old,700 ml,
OS,Whisky,Aberlour Speyside Single Malt Scotch Whisky 18 Years Old,700 ml,
OS,Whisky,Akashi Red Blended Whisky,500 ml,
OS,Whisky,Akashi Toji Blended Whisky,700 ml,
OS,Whisky,Ardbeg The Ultimate Islay Single Malt Scotch Whisky Guaranteed Ten Years Old,700 ml,
OS,Whisky,Aultmore Speyside Single Malt Scotch Whisky Aged 12 Years,700 ml,
OS,Whisky,Ballantines 12yo Blended Scotch Whisky,750 ml,
OS,Whisky,Ballantines Blended Scotch Whisky Aged 17 Years,750 ml,
OS,Whisky,Ballantines Finest Blended Scotch Whisky,375 ml,
OS,Whisky,Ballantines Finest Blended Scotch Whisky,750 ml,
OS,Whisky,Barrheads Speyside Single Malt Scotch Whisky,700 ml,
OS,Whisky,Black Crow Whisky,700 ml,
OS,Whisky,Bowmore Islay Single Malt Scotch Whisky 12 Years,700 ml,
OS,Whisky,Caol Ila 12yo Islay Single Malt Scotch Whisky,750 ml,
OS,Whisky,Chivas Regal 12yo Blended Scotch Whisky,750 ml,10
OS,Whisky,Chivas Regal Gold Signature 18 Yo Scotch Whisky,750 ml,3
OS,Whisky,Chivas Regal Ultis Blended Malt Scotch Whisky,750 ml,
OS,Whisky,Chivas Regal Ultis Xx Aged 20 Years Blended Scotch Whisky,750 ml,
OS,Whisky,Chivas Regal Xv Aged 15 Years Blended Scotch Whisky,750 ml,
OS,Whisky,Clynelish 14 Yo Single Malt Scotch Whisky,750 ml,
OS,Whisky,Copper Dog Speyside Blended Malt Scotch Whisky,700 ml,
OS,Whisky,Cragganmore 12 Yo Speyside Single Malt Scotch Whisky,750 ml,
OS,Whisky,Craigellachie Speyside Single Malt Scotch Whisky Aged 13 Years,700 ml,
OS,Whisky,Dalwhinnie 15 Yo Highland Single Malt Scotch Whisky,750 ml,
OS,Whisky,Dewars True Scotch Aged 12 Years,750 ml,
OS,Whisky,Dewars True Scotch Aged 15 Years,750 ml,
OS,Whisky,Dewars True Scotch Aged 18 Years Blended Scotch Whisky,750 ml,
OS,Whisky,Glenfiddich Single Malt Scotch Whisky 12 Yo,700 ml,20
OS,Whisky,Glenfiddich Single Malt Scotch Whisky 15 Yo,700 ml,
OS,Whisky,Glenkinchie 12 Yo Single Malt Scotch Whisky,750 ml,
OS,Whisky,Glenmorangie Single Highland Malt Scotch Whisky 10 Yeras Old,750 ml,
OS,Whisky,Glenmorangie The Lasanta Highland Single Malt Scotch Whisky,750 ml,
OS,Whisky,Glenmorangie The Nectar Dor Highland Single Malt Scotch Whisky,750 ml,
OS,Whisky,Glenmorangie The Quinta Ruban Highland Single Malt Scotch Whisky,750 ml,
OS,Whisky,Grants Family Reserve Whisky,750 ml,
OS,Whisky,Grants Triple Wood Blended Scotch Whisky,750 ml,2
OS,Whisky,Hibiki Japanese Harmony Blended Japanese Whisky,700 ml,
OS,Whisky,J & B Rare Old Blended Scotch Whisky,200 ml,
OS,Whisky,J & B Rare Old Blended Scotch Whisky,750 ml,
OS,Whisky,Jack Daniel's Cinnamon Spice Tennessee Fire Finely Crafted Cinnamon,750 ml,12
OS,Whisky,Jack Daniel's Gentleman Jack Double Mellowed . Tennessee Whiskey,750 ml,
OS,Whisky,Jack Daniel's Old No.7 Brand Tennessee Sour Mash Whiskey,750 ml,12
OS,Whisky,Jack Daniel's Original Recipe Tennessee Apple Finely Crafted Apple,750 ml,
OS,Whisky,Jack Daniel's Single Barrel Select Tennessee Whiskey,750 ml,
OS,Whisky,Jameson Irish Whiskey,750 ml,9
OS,Whisky,Jameson Irish Whiskey Caskmates,750 ml,
OS,Whisky,Jameson Irish Whiskey Stout Edition,750 ml,
OS,Whisky,Jim Beam Black Kentucky Straight Bourbon Whiskey,750 ml,3
OS,Whisky,John Barr Reserve Blended Scotch Whisky,750 ml,
OS,Whisky,Johnnie Walker Aged 18 Years Blended Scotch Whisky,750 ml,
OS,Whisky,Johnnie Walker Black Label Blended Scotch Whisky,750 ml,21
OS,Whisky,Johnnie Walker Black Label Lowlands Origin Blended Scotch Whisky,750 ml,
OS,Whisky,Johnnie Walker Black Label Speyside Origin Blended Malt Scotch Whisky,750 ml,
OS,Whisky,Johnnie Walker Blue Label Blended Scotch Whisky,750 ml,
OS,Whisky,Johnnie Walker Double Black Blended Scotch Whisky,750 ml,6
OS,Whisky,Johnnie Walker Gold Label Reserve Blended Scotch Whisky,750 ml,
OS,Whisky,Johnnie Walker Red Label Blended Scotch Whisky,375 ml,6
OS,Whisky,Johnnie Walker Red Label Blended Scotch Whisky,750 ml,22
OS,Whisky,Johnnie Walker Red Rye Finish Blended Scotch Whisky,700 ml,
OS,Whisky,Jura 10 Years Old Single Malt Scotch Whisky,700 ml,
OS,Whisky,Lagavulin 16 Yo Islay Single Malt Scotch Whisky,750 ml,
OS,Whisky,Laphroaig Islay Single Malt Scotch Whisky 10 Yrs Old,750 ml,
OS,Whisky,Laphroaig Islay Single Malt Scotch Whisky Select,750 ml,
OS,Whisky,Michters Kentucky Straight Bourbon Whiskey,700 ml,
OS,Whisky,Michters Single Barrel Kentucky Straight Rye Whiskey,700 ml,
OS,Whisky,Monkey Shoulder Blended Malt Scotch Whisky,700 ml,1
OS,Whisky,Oban Single Malt Scotch Whisky,700 ml,
OS,Whisky,Royal Salute 21 Years Old Blended Scotch Whisky,700 ml,
OS,Whisky,Scapa Glansa Single Malt Scotch Whisky,700 ml,
OS,Whisky,Scapa Skiren Single Malt Scotch Whisky,700 ml,
OS,Whisky,Scottish Leader Blended Scotch Whisky,750 ml,
OS,Whisky,Suntory Whisky Toki,700 ml,
OS,Whisky,Talisker 10 Yo Single Malt Scotch Whisky,750 ml,1
OS,Whisky,Tamerlane Blended Scotch Whisky,750 ml,
OS,Whisky,Teachers Highland Cream Blended Scotch Whisky,1000 ml,
OS,Whisky,The Ardmore Highland Single Malt Scotch Whisky,700 ml,
OS,Whisky,The Dalmore 12 Years Old Single Highland Malt Scotch Whisky,700 ml,
OS,Whisky,The Glen Grant Single Malt Scotch Whisky Aged 10 Years,750 ml,1
OS,Whisky,The Glen Grant Single Malt Scotch Whisky Aged 12 Years,750 ml,
OS,Whisky,The Glen Grant Single Malt Scotch Whisky Aged 18 Years,750 ml,
OS,Whisky,The Glengarry Highland Blended Scotch Whisky,750 ml,1
OS,Whisky,The Glenlivet 12yo Single Malt Scotch Whisky,750 ml,10
OS,Whisky,The Glenlivet 21 Y.o Single Malt Scotch Whisky,700 ml,
OS,Whisky,The Glenlivet Single Malt Scotch Whisky 15 Yo,700 ml,
OS,Whisky,The Glenlivet Single Malt Scotch Whisky 18 Yo,700 ml,
OS,Whisky,The Glenlivet Xxv Single Malt Scotch Whisky,700 ml,
OS,Whisky,The Singleton Of Glendullan 12yo Single Malt Scotch Whisky,750 ml,
OS,Whisky,The Singleton Of Glendullan Aged 15 Years Single Malt Scotch Whisky,750 ml,
OS,Whisky,The Singleton Of Glendullan Aged 18 Years Single Malt Scotch Whisky,750 ml,
OS,Whisky,The Yamazaki Distillers Reserve Single Malt Japanese Whisky,700 ml,
OS,Whisky,The Yamazaki Distillers Reserve Single Malt Japanese Whisky,700 ml,
OS,Whisky,Woodford Reserve,750 ml,
OS,Whisky,Yamazakura Japanese Whisky,700 ml,
OS,Wine,Ag Forty Seven Chardonnay,750 ml,
OS,Wine,Ag Forty Seven Malbec Shiraz,750 ml,
OS,Wine,Albert Bichot Chateau De Varennes Beaujolaise Villages Wine,750 ml,1
OS,Wine,Antares Cabernet Sauvignon,750 ml,
OS,Wine,Antares Carmenere,750 ml,
OS,Wine,Antares Chardonnay,750 ml,
OS,Wine,Antares Sauvignon Blanc,750 ml,
OS,Wine,Antares Shiraz,750 ml,
OS,Wine,Antinori Peppoli Chianti Classico,750 ml,
OS,Wine,Antinori Tignanello Toscana,750 ml,
OS,Wine,B & G Merlot Reserve Wine,750 ml,
OS,Wine,B & G Passeport Cotes Du Rhone,750 ml,
OS,Wine,Black Tower Dornfelder Pinot Noir,750 ml,
OS,Wine,Black Tower Riesling,750 ml,
OS,Wine,Bonachi Brunello Di Montalcino,750 ml,
OS,Wine,Born West Cabernet Sauvignon Wine,750 ml,
OS,Wine,Boscoselvo Brunello Di Montalcino,750 ml,
OS,Wine,Brancot Estate Sauvignon Blanc,750 ml,2
OS,Wine,Brancott Estate Pinot Noir,750 ml,
OS,Wine,Bush Ballad Chardonnay Wine,750 ml,
OS,Wine,Bush Ballad Shiraz Wine,750 ml,
OS,Wine,Calappiano Prosecco,750 ml,
OS,Wine,Camas Merlot,750 ml,
OS,Wine,Camas Pinot Noir,750 ml,
OS,Wine,Camas Syrah Rose,750 ml,
OS,Wine,Campo Viejo Rioja Blanco,750 ml,
OS,Wine,Campo Viejo Rioja Tempranillo,750 ml,
OS,Wine,Campo Viejo Rioja Viura Tempranillo Blanco,750 ml,
OS,Wine,Campoluce Organic Chianti,750 ml,
OS,Wine,Cantine Povero Barbera D Asti,750 ml,
OS,Wine,Cantine Povero Barberesco Batu,750 ml,
OS,Wine,Cantine Povero Barolo Priore,750 ml,
OS,Wine,Cantine Povero Cabane Langhe,750 ml,
OS,Wine,Cantine Povero Monferrato Doc Dolcetto,750 ml,
OS,Wine,Cantine Povero Moscato D Asti,750 ml,
OS,Wine,Cantine Povero Piemonte Doc Chardonnay,750 ml,
OS,Wine,Caracteres Margaux Bordeaux,750 ml,
OS,Wine,Carlo Rossi California Red Smooth Red Wine,750 ml,
OS,Wine,Carlo Rossi California White Crisp White Wine,750 ml,
OS,Wine,"Casa Portuguesa, Portugal",750 ml,
OS,Wine,Casa Solar Tinto,750 ml,
OS,Wine,Casamatta Rosso,750 ml,
OS,Wine,Cavicchioli Prosecco Doc Extra Dry,750 ml,
OS,Wine,Cavicchioli Rose,750 ml,
OS,Wine,Celler D Vin De France,750 ml,
OS,Wine,Charles Roux Rose Brut Cuvee,750 ml,
OS,Wine,Chateau Beloeil Blanc,750 ml,
OS,Wine,Chateau Bonnet Red,750 ml,
OS,Wine,Chateau Bonnet White,750 ml,
OS,Wine,Chateau Chantemerle Medoc,750 ml,
OS,Wine,Chateau Coucheroy Pessac Leognan,750 ml,
OS,Wine,Chateau De Marjolaine Bordeaux,750 ml,
OS,Wine,Chateau Goumin Bordeaux,750 ml,
OS,Wine,Chateau Goumin Bordeaux Rose,750 ml,
OS,Wine,"Chateau Goumin White, Bordeaux",750 ml,
OS,Wine,Chateau La Frerotte Lalande De Pomerol Rough,750 ml,
OS,Wine,"Chateau La Louviere, Pessac Leognan",750 ml,
OS,Wine,Chateau Puy Boyrein Rouge,750 ml,
OS,Wine,Chateau Tour De Segur,750 ml,
OS,Wine,Cinzano Prosecco,750 ml,
OS,Wine,Cinzano Vermouth Rosso,750 ml,
OS,Wine,Cloudy Bay Pinot Noir,750 ml,
OS,Wine,Cloudy Bay Sauvignon Blanc,750 ml,
OS,Wine,Col Dorcia Brunello Di Montalcino,750 ml,
OS,Wine,Condesa De Leganza Rose,750 ml,
OS,Wine,Cono Sur Reserva Cabernet Sauvignon,750 ml,
OS,Wine,Cono Sur Reserva Pinot Noir,750 ml,
OS,Wine,Cono Sur Reserva Unoaked Chardonnay,750 ml,
OS,Wine,Conosur Tocornal Merlot,750 ml,
OS,Wine,Domaine De La Ronceray Saint - Estephe Rouge,750 ml,
OS,Wine,Don Darius Tempranillo,750 ml,
OS,Wine,Durvillea Sauvignon Blanc,750 ml,
OS,Wine,Early Dark Chateau Coutinel Fronton,750 ml,
OS,Wine,Early Dark Igp Cabernet Merlot,750 ml,4
OS,Wine,Early Dark Igp Chardonnay,750 ml,
OS,Wine,Elephant In The Room Jumbo Chardonnay,375 ml,
OS,Wine,Elephant In The Room Palatial Pinot Noir,375 ml,
OS,Wine,Faustino I Gran Reserva Rioja,750 ml,
OS,Wine,"Faustino Vii Red, Rioja",187 ml,
OS,Wine,Ferraud & Fils Cotes Du Rohne,750 ml,
OS,Wine,Folonari Chardonnay,750 ml,
OS,Wine,Folonari Chianti,750 ml,8
OS,Wine,Folonari Merlot,750 ml,
OS,Wine,Folonari Montepulciano D Abruzzo,750 ml,
OS,Wine,Folonari Nero D Avola Terre Siciliane,750 ml,
OS,Wine,Freixenet Cordon Negro Cava Brut,750 ml,
OS,Wine,Frexinet Cordon Negro,750 ml,
OS,Wine,Frontera Merlot,750 ml,2
OS,Wine,Frontera Shiraz Wine,750 ml,
OS,Wine,Goana's Premium Wine,750 ml,
OS,Wine,Golden Sparrow Chardonnay Rubicone IGT,750 ml,
OS,Wine,Golden Sparrow Pinot Grigio Delle Venezie Wine,750 ml,
OS,Wine,Golden Sparrow Sangiovese Rubicone IGT,750 ml,2
OS,Wine,Grand Sud Igp Vdp Sauvignon Blanc,1000 ml,
OS,Wine,Grand Sud Igp Vdp Syrah,1000 ml,
OS,Wine,Grant Burge Cabernet Gb51 Sauvignon Shiraz,750 ml,
OS,Wine,Grimaldi Barolo,750 ml,
OS,Wine,Grove Ridge Cabernet Sauvignon,750 ml,
OS,Wine,Gustave Lorentz Pinot Noir Reserve,750 ml,
OS,Wine,Gustave Lorentz Reserve Gewurztraminer,750 ml,
OS,Wine,Gustave Lorentz Riesling Reserve,750 ml,
OS,Wine,Hakushika Junmai Daiginjo Sake,300 ml,
OS,Wine,Hakushika Kaon Sake,720 ml,
OS,Wine,Hakutsuru Awayuki Sparkling Sake,300 ml,
OS,Wine,Hakutsuru Excellent Junmai Sake,720 ml,1
OS,Wine,Hardys Stamp Of Australia Cabernet Merlot,750 ml,
OS,Wine,Hardys Stamp Of Australia Chardonnay Semillon,750 ml,
OS,Wine,Hardys Stamp Of Australia Shiraz Cabernet,750 ml,
OS,Wine,Haut Batailley Verso Pauillac Rough,750 ml,
OS,Wine,Howling Wolves Cabernato,750 ml,
OS,Wine,Howling Wolves Red Cub Merlot,750 ml,
OS,Wine,Jacobs Creek Chardonnay Pinot Noir Dry & Crisp,750 ml,
OS,Wine,Jacobs Creek Chardonnay Pinot Noir Sparkling Wine,750 ml,
OS,Wine,Jacobs Creek Classic Cabernet Sauvignon Red Wine,750 ml,
OS,Wine,Jacobs Creek Classic Chardonnay,187 ml,
OS,Wine,Jacobs Creek Classic Chardonnay,750 ml,7
OS,Wine,Jacobs Creek Classic Shiraz Cabernet,187 ml,
OS,Wine,Jacobs Creek Classic Shiraz Cabernet,750 ml,
OS,Wine,Jacobs Creek Merlot Red Wine,750 ml,
OS,Wine,Jinro Chamisul,360 ml,
OS,Wine,Just Roberto Chardonnay,750 ml,
OS,Wine,Just Roberto Chianti,750 ml,
OS,Wine,Just Roberto Merlot,750 ml,
OS,Wine,Just Roberto Pinot Grigio,750 ml,
OS,Wine,Just Roberto Prosecco,750 ml,
OS,Wine,La Torretta Pinot Grigio Blush,750 ml,
OS,Wine,La Vite Lucente Toscana Rosso Rouge,750 ml,
OS,Wine,Lancers Rose,750 ml,
OS,Wine,Le Grand Noir Cabernet Sauvignon,750 ml,
OS,Wine,Le Grand Noir Chardonnay,750 ml,
OS,Wine,Le Grand Noir Gsm,750 ml,
OS,Wine,Le Grand Pinot Noir,750 ml,
OS,Wine,Le Volte Dell Ornellaia Toscana Rosso Rouge,750 ml,
OS,Wine,Les Terroirs Chardonnay,750 ml,2
OS,Wine,Les Terroirs Merlot,750 ml,5
OS,Wine,"Les Traverses, Ventoux Red, Rhone Aoc",,
OS,Wine,Limoncello Di Capri Df,,
OS,Wine,Lindemans Bin 25 Brut Cuvee,,
OS,Wine,Lindemans Bin 50 Shiraz,,
OS,Wine,Lindemans Bin 65 Chardonnay,,
OS,Wine,Lindemans Bin 95 Sauvignon Blanc,,
OS,Wine,Lindemans Cawarra Chardonnay,,
OS,Wine,Lindemans Cawarra Shiraz Cabernet,,
OS,Wine,Lindemans Premier Selection Brut Cuvee,,
OS,Wine,Lindemans Premier Selection Chardonnay,,
OS,Wine,Lindemans Premierselection Shiraz Cabernet,,
OS,Wine,Little James Basket Press Blanc,,
OS,Wine,Little James Basket Press Rouge,,
OS,Wine,Long Champ Blanc,,
OS,Wine,Long Champ Rough,,
OS,Wine,Long Terrace Chardonnay,,
OS,Wine,Longchamp Chardonnay Vdp,,
OS,Wine,Longchamp Vin De Pays Doc Blanc,,
OS,Wine,Longchamps Bordeaux,,
OS,Wine,Longchamps Cabernet Sauvignon Vdp,,
OS,Wine,Longchamps Merlot Vdp,,
OS,Wine,Longchamps Saint Emilion,,
OS,Wine,Longchamps Syrah Vdp,,
OS,Wine,Longchamps Vin De France Blanc,,
OS,Wine,Longchamps Vin De France Rouge,,
OS,Wine,Los Vascos Cabernet Sauvignon,,
OS,Wine,Los Vascos Sauvignon Blanc,,
OS,Wine,Louis Jadot Bourgogne Chardonnay,,
OS,Wine,Louis Jadot Bourgogne Pinot Noir,,
OS,Wine,Louis Jadot Brouilly,,
OS,Wine,Louis Jadot Chabis Fer Cru Les Vaillons,,
OS,Wine,Louis Jadot Chablis,,
OS,Wine,Louis Jadot Corton Grand Cru,,
OS,Wine,Louis Jadot Pommard,,
OS,Wine,Louis Jadot Pouily Fuisse,,
OS,Wine,Louis Jadot Puligny Montrachet,,
OS,Wine,Louis Latour Chablis,,
OS,Wine,Luce' IGT Toscana Luce Della Vite,,
OS,Wine,Lucente La Vite Toscana IGT,,
OS,Wine,Luna Argenta Prosecco Treviso Brut,,
OS,Wine,Lutzville Chardonnay,,
OS,Wine,Lutzville Merlot,,
OS,Wine,M. Chapoutier Belleruche Ctes-du-rhne Red Wine,,
OS,Wine,M. Chapoutier La Bernardine Chteauneuf-du-pape,,
OS,Wine,M.a.n Family Wines Ou Kalant Cabernet Sauvignon Coastal Region,,
OS,Wine,M.a.n Family Wines Padstal Chardonnay Coastal Region,750 ml,
OS,Wine,M.chapoutier Les Meysonniers Crozes-hermitage,,
OS,Wine,Madonna Del Dono Dolcetto D Alba Marcesi Di Barolo,,
OS,Wine,Maison Du Sud Merlot,750 ml,
OS,Wine,Maison Du Sud Sauvignon Blanc,,
OS,Wine,Maison Louis Jadot Chablis,,
OS,Wine,Maison Louis Jadot Chablis 1er Cru Les Vaillons,,
OS,Wine,Maison Louis Jadot Pommard,,
OS,Wine,Maison Louis Jadot Puligny Montrachet Blanc,,
OS,Wine,Malambo Shiraz Malbec,,
OS,Wine,Malbec Red Wine 2005,,
OS,Wine,Malmbo Chenin Chardonnay,,
OS,Wine,"Man Family, Ou Kalant, Cabernet Sauvignon",,
OS,Wine,"Man Family, Padstal, Chardonnay",,
OS,Wine,Manawa Pinot Noir Marlborouge,,
OS,Wine,Manawa Sauvignon Blanc Marlborouge,,
OS,Wine,Mannara Grillo Pinot Grigio,,
OS,Wine,Mannara Grillo Pinot Grigio Terre Siciliane IGT,,
OS,Wine,Mannara Merlot,,
OS,Wine,Mannara Merlot Sicilia IGT,750 ml,
OS,Wine,Mannara Pinot Grigio Rose,,
OS,Wine,Mannara Pinot Grigio Rose Veneto IGT,,
OS,Wine,Marchesi Di Barolo Barbaresco Docg,,
OS,Wine,Marchesi Di Barolo Barbera D'alba Doc Ruvei,,
OS,Wine,Marius By Michel Chapoutier Syrah Grenache Rouge,,
OS,Wine,Marius By Michel Chapoutier Vermentino Blanc,,
OS,Wine,Marques D Requena Crianza,,
OS,Wine,Marques D Requena Macabeo Chardonnay,,
OS,Wine,Marques D Requena Reserva,,
OS,Wine,Marques D Requena Syrah Tempranillo,,
OS,Wine,Martini Asti Docg,750 ml,
OS,Wine,Martini Bianco Torino,,
OS,Wine,Martini Brut,750 ml,
OS,Wine,Martini Extra Dry Torino,1000 ml,
OS,Wine,Martini Extra Dry Vermouth,,
OS,Wine,Martini Fiero,,
OS,Wine,Martini Prosecco,750 ml,
OS,Wine,Martini Rose,750 ml,
OS,Wine,Martini Rosso Torino,,
OS,Wine,Martini Rosso Vermouth,,
OS,Wine,Mas La Plana Cabernet Sauvignon,,
OS,Wine,Masi Bonacosta Valpolicella Classico,,
OS,Wine,Masi Campofiorin,,
OS,Wine,Masi Levarie Soave Classico,,
OS,Wine,Mateus Rose,750 ml,1
OS,Wine,Mateus Sparkling Brut Rose,,
OS,Wine,Mazzei Poggio Alla Badiola,,
OS,Wine,Mc Williams Sunstone Chardonnay,,
OS,Wine,Mc Williams Sunstone Shiraz,,
OS,Wine,Mendoza Heights Chenin Chardonnay,,
OS,Wine,Mendoza Heights Shiraz Malbec,,
OS,Wine,Metaxa 5 Stars,,
OS,Wine,Meursault Louis Jadot,,
OS,Wine,Michele Chiario Cipressi Delta Court,,
OS,Wine,Michele Chiarlo Barbera D&lsquo;asti,,
OS,Wine,Michele Chiarlo Barolo,750 ml,
OS,Wine,Michele Chiarlo Gavi,,
OS,Wine,Michele Chiarlo Nivole,,
OS,Wine,Misiones D Rengo Cabernet Sauvignon 2010,,
OS,Wine,Misiones D Rengo Chardonnay,,
OS,Wine,Misiones D Rengo Chardonnay 2010,,
OS,Wine,Misiones D Rengo Merlot,,
OS,Wine,Misiones D Rengo Merlot 2010,,
OS,Wine,Misiones D Rengo Sauvignon Blanc,,
OS,Wine,Misones D Rengo Cabernet Sauvignon,,
OS,Wine,Moet & Chandon Brut Imperial Champagne,,
OS,Wine,Moet & Chandon Imperial Brut Champagne,,
OS,Wine,Moet & Chandon Imperial Rose Champagne,,
OS,Wine,Moet & Chandon Rose Imperial Champagne,,
OS,Wine,Molinari Sambuca Extra Liqueur,,
OS,Wine,Moma Rubicone Bianco,,
OS,Wine,Moma Rubicone Red,,
OS,Wine,Moma Rubicone Rosso,,
OS,Wine,Mommessin Beaujolais-villages,,
OS,Wine,Monte Pacifico Chardonnay 375ml,,
OS,Wine,Monte Pacifico Merlot 375ml,,
OS,Wine,Monte Pacfico Reserva Cabernet Sauvignon,,
OS,Wine,Monte Pacifico Reserva Pinot Noir,,
OS,Wine,Montes Alpha Cabernet Sauvignon,,
OS,Wine,Montes Cabernet Sauvignon,,
OS,Wine,Montes Limited Selection Carmenere,,
OS,Wine,Montes Merlot,,
OS,Wine,Montes Reserva Cabernet Sauvignon,,
OS,Wine,Montes Reserva Chardonnay,,
OS,Wine,Montes Reserva Merlot,,
OS,Wine,Montes Sauvignon Blanc Fume Blanc,,
OS,Wine,Moulin De Gassac Chardonnay White Wine,,
OS,Wine,Moulin De Gassac Merlot,,
OS,Wine,Moulin De Gassac Merlot Red Wine,,
OS,Wine,Moulin De Gassac Sauvignon White Wine,,
OS,Wine,Moulin De Gassac Syrah Red Wine,,
OS,Wine,Mount Nelson Sauvignon Blanc,,
OS,Wine,Mount Pleasant Chardonnay,,
OS,Wine,Mouton Cadet Baron Phillpipe De Rothschild Bordeaux,,
OS,Wine,Mud House Pinot Noir,,
OS,Wine,Mud House Sauvignon Blanc,750 ml,
OS,Wine,Muscadet Sevre Et Maine Sur Lie La Grande Reserve Du Moulin,,
OS,Wine,Nederberg Pinotage,750 ml,
OS,Wine,Nederberg Sauvignon Blanc,750 ml,
OS,Wine,"Nederburg , The Wine Masters Shiraz Wine",,
OS,Wine,Nederburg Pinotage,,
OS,Wine,Nederburg Shiraz Wine,750 ml,
OS,Wine,Nederburg Wine Masters Reserve Pinotage,,
OS,Wine,Nederburg Wine Masters Reserve Sauvignon Blanc,,
OS,Wine,Nero D'avola Sicilia Doc Wine,,
OS,Wine,Niel Joubert Pinotage,,
OS,Wine,Niel Joubert Sauvignon Blanc,,
OS,Wine,Nik Weis St. Urbans-hof Riesling,,
OS,Wine,Nippozano Riserva Chianti Rufina,,
OS,Wine,Nonino Grappa Monovitigno Il Chardonnay,,
OS,Wine,Nonino Grappa Monovitigno Il Merlot,,
OS,Wine,"Officium, Brunello Di Montalcino",750 ml,
OS,Wine,Opi Malbec,,
OS,Wine,Orzada Malbec,,
OS,Wine,Oxford Landing Chardonnay,,
OS,Wine,Oxford Landing Merlot,,
OS,Wine,Oxford Landing Sauvignon Blanc,,
OS,Wine,Ozawa Junmai Daikarakuchi Sawanoi,,
OS,Wine,P.ferraud & Fils Beaujolais Villages Les Merrains,750 ml,
OS,Wine,P.ferraud & Fils Igp Merlot Igp,750 ml,
OS,Wine,Pagus Soave Doc Pagus,,
OS,Wine,Palacio Del Conde Gran Reserve,,
OS,Wine,Palistorti Di Valgiano Colline Lucchesi,,
OS,Wine,Palistorti Di Valgiano Toscana,,
OS,Wine,"Parallele 45, Cotes Du Rhone Aoc",750 ml,
OS,Wine,Parly Bay Chenin Blanc Chardonnay 2012,,
OS,Wine,Pascal Jolivet Pouilly Fume,,
OS,Wine,Pasqua Montepulciano Dabruzzo Doc,,
OS,Wine,Passonero Chianti Classico,,
OS,Wine,Pater Sangiovese Toscana,,
OS,Wine,Paul Jaboulet Aine Chteauneuf Du Pape,750 ml,
OS,Wine,Paul Jaboulet Aine Cotes Du Rhone Parallel 45,,
OS,Wine,Paula Chardonnay,,
OS,Wine,Paula Malbec,,
OS,Wine,Pearly Bay Cabernet Sauvignon Shiraz,,
OS,Wine,Pearly Bay Cabernet Sauvignon Shiraz 2012,,
OS,Wine,Pearly Bay Chenin Blanc Chardonnay,,
OS,Wine,Pedrera Blanco,,
OS,Wine,Pedrera Monastrell,,
OS,Wine,Penfolds Bin 128 Coonawarra Shiraz,,
OS,Wine,Penfolds Bin 2 Shiraz Mataro,,
OS,Wine,Penfolds Bin 28 Kalmina Shiraz,,
OS,Wine,Penfolds Bin 407 Cabernet Suvignon,,
OS,Wine,Penfolds Koonunga Hill Chardonnay,,
OS,Wine,Penfolds Koonunga Hill Shiraz Cabernet,,
OS,Wine,Penley Estate Chardonnay,,
OS,Wine,Penley Estate Hyland Shiraz,,
OS,Wine,Penley Estate Merlot,,
OS,Wine,Penley Estate Phoenix Cabernet Sauvignon,,
OS,Wine,Peppoli Chianti Classico,,
OS,Wine,Periquita,750 ml,
OS,Wine,Periquita 375ml,,
OS,Wine,Periquita Original,,
OS,Wine,Peter Lehman Weighbridge Chardonnay,,
OS,Wine,Peter Lehman Weighbridge Shiraz,,
OS,Wine,Peter Lehman Wild Card Unoacked Chardonny 2009,,
OS,Wine,Peter Lehmann Barossa Portrait Shiraz,,
OS,Wine,Piccini Chardonnay,,
OS,Wine,Piccini Merlot,,
OS,Wine,Pierre & Galet Chardonnay,,
OS,Wine,Pierre & Galet Syrah,,
OS,Wine,Pierre Andre Chablis,,
OS,Wine,Pierre Andre Fleurie,,
OS,Wine,Pierre Andre Nuits Saint Georges,,
OS,Wine,Placido Pinot Grigio,,
OS,Wine,Planeta La Segreta Bianco,,
OS,Wine,Planeta La Segreta Rosso,,
OS,Wine,Portia Ribera Del Duero,750 ml,
OS,Wine,Porto Droz,,
OS,Wine,Posada Del Rey Vino Blanco,,
OS,Wine,Pouilly Fuisse,,
OS,Wine,Prelude De Grand Puy Ducasse Pauillac Rouge,750 ml,
OS,Wine,Principe Corsini Birillo,,
OS,Wine,Principe Corsini Cortevecchia Chianti Classico Riserva,,
OS,Wine,Principe Corsini Le Corti Chianti Classico,750 ml,
OS,Wine,Principe Corsini Vermentino Della Costa,,
OS,Wine,Principe De Viana Chardonnay,,
OS,Wine,Principesco Merlot,,
OS,Wine,Prosecco Doc Extra Dry,,
OS,Wine,Prosecco Ti Amo Brut,,
OS,Wine,Prunotta Barolo,,
OS,Wine,Prunotto Barolo,,
OS,Wine,Puligny Montrachet,,
OS,Wine,Punto Nino Cabernet Sauvignon Reserva,,
OS,Wine,Punto Nino Carmenere Reserva 2009,,
OS,Wine,Punto Nino Chardonnay Reserva,,
OS,Wine,Punto Nino Merlot Reserva,,
OS,Wine,Quail Creek Cabernet Sauvignon,,
OS,Wine,Quail Creek Chardonnay,,
OS,Wine,Quail Creek Merlot,,
OS,Wine,Quail Creek Pinot Grigio,,
OS,Wine,Quail Creek Sauvignon Blanc,,
OS,Wine,Querciabella Chianti Classico,,
OS,Wine,Ravenswood Vintners Blend Zinfandel,,
OS,Wine,Rawsons Reatreat Chardonnay,,
OS,Wine,Rawsons Retreat Shiraz Cabernet,,
OS,Wine,Renaissance Cabernet Sauvignon,,
OS,Wine,Renaissance Cabernet Sauvignon 2009,,
OS,Wine,Renaissance Chardonnay,,
OS,Wine,Renaissance Merlot,,
OS,Wine,Renaissance Sauvignon Blanc,,
OS,Wine,Renaissance Sauvignon Blanc 2009,,
OS,Wine,Reneiri Brunellio Di Montalcino,,
OS,Wine,Ricossa Barolo,,
OS,Wine,Riff Pinot Grigio,,
OS,Wine,Rioja Vega Crianza,,
OS,Wine,Riunite Lambrusco Emilia,,
OS,Wine,Riunite Lambrusco Emillia IGT,750 ml,7
OS,Wine,Robert Mondavi Napa Valley Chardonnay,,
OS,Wine,Robert Mondavi Private Selection Zinfandel,750 ml,
OS,Wine,Robert Mondavi Woodbridge Cabernet Sauvignon,,
OS,Wine,Robert Mondavi Woodbridge Chardonnay,,
OS,Wine,Robert Mondavi Woodbridge Merlot,,
OS,Wine,Robert Mondavi Woodbridge Zinfandel,,
OS,Wine,Rocadet Chardonnay Vin De Pays Doc,,
OS,Wine,Rocadet Merlot Vin De Pays Doc,,
OS,Wine,Rocca Del Forti Spumante Brut,,
OS,Wine,Rolf Binder,,
OS,Wine,"Rolf Binder, Halliwell, Shiraz-grenache",750 ml,
OS,Wine,Rubens Amarone Della Valpolicella,,
OS,Wine,Rubens Ripasso Valpolicella,,
OS,Wine,Ruffino Chianti,,
OS,Wine,Ruffino Chianti Docg,750 ml,
OS,Wine,Ruffino Prosecco,,
OS,Wine,"Rupert & Rothschild Vignerons 'classique' Cabernet Sauvignon, Merlot",,
OS,Wine,Rupert And Rothschild Vignerons Anthonij Rupert And Benjamin De Rothschild Baroness Nadine Chardonnay,,
OS,Wine,Rupert And Rothschild Vignerons Anthonji Rupert And Benjamin De Rothschild Classique,,
OS,Wine,Rust En Verde Cabernet Sauvignon Estate Wine Stellenbosch,,
OS,Wine,Rust En Verde Cabernet Sauvignon Stellenbosch,,
OS,Wine,Rust En Vrede Merlot Estate Wine Stellenbosh,,
OS,Wine,Rust En Vrede Merlot Stellenbosh,,
OS,Wine,S'anavai Cava Brut,750 ml,
OS,Wine,Sabbiato Bolgheri,,
OS,Wine,Sagrantino Di Montefalco,,
OS,Wine,Saint Clair Family Estate Pinot Noir Marlborough,,
OS,Wine,Saint Claire Marlborough Premium Pinot Noir,,
OS,Wine,Saint Claire Pinot Noir,,
OS,Wine,Saint Claire Sauvignon Blanc,750 ml,
OS,Wine,Saint Cosme Cotes-du-rhone,,
OS,Wine,"Saint Cosme, Cote Du Rhone, Red",,
OS,Wine,Saint Emillion Baron Philippe,,
OS,Wine,"Saint Emillion, Reserve Mouton Cadet Baron Philippe De Rotschild",,
OS,Wine,San Median Cabernet Sauvignon,,
OS,Wine,San Medin Cabernet Sauvignon,,
OS,Wine,San Medin Sauvignon Blanc,,
OS,Wine,Sangiovese Rubicone IGT,,
OS,Wine,Sangre De Torro Red Wine,,
OS,Wine,Santa Ana Cabernet Sauvignon,,
OS,Wine,Santa Ana Eco Malbec,,
OS,Wine,Santa Ana Eco Torrontes,,
OS,Wine,Santa Ana Moscato,,
OS,Wine,Santa Cristina,750 ml,
OS,Wine,Santa Margherita Valdadige Pinot Grigio Doc,,
OS,Wine,Santa Margherita Valdobbiadene Prosecco Superiore Docg,,
OS,Wine,Santa Rita 120 Cabernet Sauvignon,,
OS,Wine,Santa Rita 120 Sauvignon Blanc,,
OS,Wine,Santa Rita Reserve Carmenere,,
OS,Wine,"Santana Classic, Tempranillo",750 ml,
OS,Wine,"Santana Classic, Viura",,
OS,Wine,Sartori Pinnot Grigio,,
OS,Wine,Sartori Valpolicella Classico,,
OS,Wine,Sassicaia Bolgheri Sassicaia Doc Tenuta San Guido,,
OS,Wine,Sauterness Baron Philippe,,
OS,Wine,Sauvignon Blanc La Isla Single Vineyards Vina Tarapca Maipo Valley,,
OS,Wine,Sayi Cabernet Sauvignon,,
OS,Wine,Sayi Sauvignon Blanc,,
OS,Wine,Scaia Corvina Red Wine,750 ml,
OS,Wine,Scaia Garganega Chardonnay White Wine,,
OS,Wine,Schloss Vollrads Kabinett Halbtrocken Rheingau Rei,,
OS,Wine,Sedara Donnafugata Sicilia,,
OS,Wine,Selbach Riesling Incline,,
OS,Wine,Selection Delas Syrah,,
OS,Wine,Selection Delas Viognier,,
OS,Wine,Senorita Cabernet Sauvignon,750 ml,
OS,Wine,Senorita Malbec Reserva,750 ml,
OS,Wine,Senorita Merlot Reserva,750 ml,
OS,Wine,Senorita Sauvignon Blanc,750 ml,
OS,Wine,Sensi 18k Prosecco Rose,750 ml,
OS,Wine,Sensi Canto Bianco,,
OS,Wine,Sensi Canto Rosso,,
OS,Wine,Sensi Chianti Collezione,750 ml,
OS,Wine,Sensi Collezione Cabernet Terre Sciciliane,750 ml,
OS,Wine,Sensi Collezione Sangiovese,750 ml,
OS,Wine,Sensi Collezione Shiraz Terre Siciliance,750 ml,
OS,Wine,Sensi Merlot Collezione,750 ml,
OS,Wine,Sensi Montepulciano D Abruzzo,750 ml,
OS,Wine,Sensi Nero D Avola,750 ml,
OS,Wine,Sensi Ninfato Sulphur Free,750 ml,
OS,Wine,Sensi Pinot Grigio Collezione,750 ml,
OS,Wine,Sensi Pinot Noir,750 ml,
OS,Wine,Sensi Pinot Noir Rose 18k,750 ml,
OS,Wine,"Sensi Prosecco 18 K, Brut",750 ml,
OS,Wine,Sensi Vermentino,750 ml,
OS,Wine,Seven Heroes Cabernet Sauvignon Merlot Carmenere,,
OS,Wine,Shiraz Vionier The Laughing Magpie D Arenberg Mc Laren Vale,,
OS,Wine,Smirnoff Gold Collection Cinnamon Flavored Liquere,,
OS,Wine,Snaggy Point By Croft Wood Estate Shiraz,,
OS,Wine,Sol De Chile Sauvignon Blanc Chardonnay,,
OS,Wine,Sol De Chile Syrah Merlot,,
OS,Wine,Soldepenas Blanco Airen,,
OS,Wine,Soldepenas Tempranillo Grancha,,
OS,Wine,Soledoro Rubicone Sangiovese IGT,,
OS,Wine,Soledoro Rubicone Trebbiano IGT,,
OS,Wine,Soledoro Sangiovese Rubicone,,
OS,Wine,Soledoro Trebbiano Rubicone,,
OS,Wine,Sollazzo Vino Bianco White Wine,,
OS,Wine,Sollazzo Vino Rosso Red Wine,,
OS,Wine,Soro Toscana Bianco,750 ml,
OS,Wine,Soro Toscana Rosso,750 ml,
OS,Wine,St Jean D Oc - Chardonnay,,
OS,Wine,St Jean D Oc - Merlot,,
OS,Wine,St Urbans Hof Riesling,,
OS,Wine,Stags Leap Wine Cellars Napa Valley Cabernet Merlot,,
OS,Wine,Stags Leap Wine Cellars Napa Valley Cabernet Sauvignon,,
OS,Wine,Stags Leap Wine Cellars Napa Valley Merlot,,
OS,Wine,Stella Rosa Moscato,,
OS,Wine,Sudtirol Alto Adige Pinot Grigio,,
OS,Wine,Susana Balbo Crios Malbec,750 ml,
OS,Wine,Susana Balbo Crios Torrontes,750 ml,
OS,Wine,Sutter Home Family Vineyard Cabernet Sauvignon,,
OS,Wine,Sutter Home Family Vineyards Chardonnay,,
OS,Wine,Sutter Home Family Vineyards Merlot,,
OS,Wine,Sutter Home Family Vineyards Sauvignon Blanc,,
OS,Wine,Syrah Red Wine 2005,,
OS,Wine,Talinga Park Cabernet Merlot,750 ml,
OS,Wine,Talinga Park Moscato,750 ml,
OS,Wine,Talinga Park Pinot Noir,750 ml,
OS,Wine,Talinga Park Rose,750 ml,
OS,Wine,Talinga Park Sauvignon Blanc,750 ml,
OS,Wine,Talinga Park Shiraz,,
OS,Wine,Tapestry Shiraz,,
OS,Wine,Tarapaca Piritas Vineyard Chardonnay Maipo Valley,,
OS,Wine,Tavel E. Guigal,,
OS,Wine,Temalo Cabernet Sauvignon,750 ml,
OS,Wine,Temalo Malbec,750 ml,
OS,Wine,Temalo Pinot Noir,750 ml,
OS,Wine,Tenuta Ca Bolani Prosecco,,
OS,Wine,"Tenuta Sant Antonio, Scaia Red",,
OS,Wine,"Tenuta Sant Antonio, Scaia White",,
OS,Wine,Tenute Silvio Nardi Brunello Di Montalcino,,
OS,Wine,Terrazas Alto Cabenet Sauvignon,,
OS,Wine,Terrazas Alto Chardonnay,,
OS,Wine,Terrazas Alto Malbec,,
OS,Wine,Terrazas Malbec Reserva,,
OS,Wine,"Thalabert, Crozes Hermitage Jaboulet",750 ml,
OS,Wine,The African Horizon Sauvignon Blanc,,
OS,Wine,The African Horizon Shiraz,,
OS,Wine,The Chocolate Block,750 ml,
OS,Wine,The Laira Cabernet Sauvignon,,
OS,Wine,The Wolftrap Syrah Mourvedre Viognier,,
OS,Wine,The Wolftrap Viognier Chenin Blanc Grenache,,
OS,Wine,The Wolftrap Viognier Chenin Blanc Grenache Blanc,,
OS,Wine,Three Peaks Rapel Valley Estate Bottled Cabernet Sauvignon,,
OS,Wine,Three Peaks Rapel Valley Estate Bottled Chardonnay,,
OS,Wine,Three Peaks Rapel Valley Estate Bottled Merlot,,
OS,Wine,Tomich Cabernet Sauvignon,,
OS,Wine,Tomich Chardonnay,,
OS,Wine,Tomich Moscato,,
OS,Wine,Tomich Shiraz,,
OS,Wine,Tommasi Viticoltori Soave Clissico,,
OS,Wine,Tommasi Viticoltori Valpolicella,,
OS,Wine,Torbreck Woodcutter Shiraz,,
OS,Wine,Torre Dei Vescovi Montecchi,,
OS,Wine,Torre Dei Vescovi Pinot Grigio Vicenza,,
OS,Wine,Torreoria Cava Brut,,
OS,Wine,Torreoria Marques De Requana Blanco,,
OS,Wine,Torreoria Marques De Requana Tinto,,
OS,Wine,Torreoria Slcn Crianza,,
OS,Wine,Torres Gran Coronas Reserva Cabernet Sauvignon,,
OS,Wine,Torres Sangre De Toro,,
OS,Wine,Torres Vina Sol White Wine,,
OS,Wine,Torresella Merlot Veneto IGT,,
OS,Wine,Torresella Pinot Grigio Venezia Doc,,
OS,Wine,Torresella Prosecco Doc Extra Dry,,
OS,Wine,Trapiche Malbec,,
OS,Wine,Trapiche Sauvignon Blanc,750 ml,
OS,Wine,Trapiche Varietales Malbec 2011,,
OS,Wine,Trapiche Varietales Sauvignon Blanc,,
OS,Wine,Travel E Guigal 750,,
OS,Wine,Trellis Amelia Park Sauvignon Blanc Semillon,,
OS,Wine,True Nomad Prosecco,750 ml,
OS,Wine,Twin Vines,,
OS,Wine,Two In The Bush Semilion Sauvignon Blanc,,
OS,Wine,Two Oceans Chardonnay,750 ml,1
OS,Wine,Two Oceans Pinotage,750 ml,2
OS,Wine,Two Oceans Sauvignon Blanc,,
OS,Wine,Two Oceans Shiraz,,
OS,Wine,Two Oceans Shiraz Wine,,
OS,Wine,Two Vines Cabernet Sauvignon,,
OS,Wine,Two Vines Chardonnay,,
OS,Wine,Two Vines Merlot,,
OS,Wine,Two Vines Shiraz,,
OS,Wine,Two Vines Unoaked Chardonay,,
OS,Wine,Umani Ronchi Montepulciano D' Abruzzo Doc,,
OS,Wine,Valdo Prosecco Extra Dry,,
OS,Wine,Valpolicella Classico Doc Allegrini,,
OS,Wine,Vegante Chianti Superiore,,
OS,Wine,Ventisquero Clasico Cabernet Sauvignon,,
OS,Wine,Ventisquero Clasico Cabernet Sauvignon Wine,,
OS,Wine,Ventisquero Classico Carmenere,750 ml,
OS,Wine,Ventisquero Classico Sauvignon Blanc,750 ml,
OS,Wine,Ventisquero Reserva Pinot Noir,,
OS,Wine,Veuve Cliquot Ponsardin Champagne - Yellow Label,,
OS,Wine,Victoria Cabernet Merlot,,
OS,Wine,Victoria Chardonnay,,
OS,Wine,Vignes De Paul Valmont Blanc,,
OS,Wine,Vignes De Paul Valmont Blanc Fruite,,
OS,Wine,Vignes De Paul Valmont Rouge,,
OS,Wine,Vignes De Paul Valmont Rouge Fruite,,
OS,Wine,Villa Antinori Toscana,750 ml,
OS,Wine,Villa Fassini Toscana Lgt Sangovese Cabernet,,
OS,Wine,Villa Fassini Toscana Lgt Trebbiano Chardonnay,,
OS,Wine,Villa Girardi Valpolicella Classico Superiore,,
OS,Wine,Villa Maria 'private Bin' Pinot Noir Marlborough,,
OS,Wine,Villa Maria 'private Bin' Riesling Marlborough,,
OS,Wine,Villa Maria 'private Bin' Sauvignon Blanc Marlborough,,
OS,Wine,Villa Maria New Zealand Merlot Cabernet Sauvignon,,
OS,Wine,Villa Maria New Zealand Merlot Cabernet Sauvignon Hawkes Bay Private Bin,,
OS,Wine,Villa Maria New Zealand Riesling Marlborough Priva,,
OS,Wine,Villa Maria New Zealand Riesling Marlborough Private Bin,,
OS,Wine,Villa Maria New Zealand Sauvignon Blanc Marlboroug,,
OS,Wine,Villa Maria New Zealand Sauvignon Blanc Marlborough Private Bin,,
OS,Wine,Villa Novare Ripasso Valpolicella,,
OS,Wine,Villa Vistarenni Chianti Docg,,
OS,Wine,Vin Opera Lambrusco,,
OS,Wine,Vina Edmara Chardonnay,,
OS,Wine,Vina Edmara Pinot Noir,,
OS,Wine,Vina Esmeralda White Wine,,
OS,Wine,Vina Pomal Crianza Rioja Doc,,
OS,Wine,Vina Sol White Wine,,
OS,Wine,Vina Tarapac Piritas Vineyard Chardonnay Maipo Valley,,
OS,Wine,Vina Tarapaca Cabernet Sauvignon,,
OS,Wine,Vina Tarapaca Chardonnay,,
OS,Wine,Vina Tarapaca La Isla Sauvignon Blanc,,
OS,Wine,Vintales Bloomin Late Moscato,,
OS,Wine,Vintales Crowded Cafe Cabernet Sauvignon,,
OS,Wine,Vintales Last Call Shiraz,,
OS,Wine,Vintales Lazy Days Chenin Blanc,,
OS,Wine,Vintales Road Trip Pinotage,,
OS,Wine,Viognier North Coast Cline,,
OS,Wine,Virto Vino Bianco,750 ml,
OS,Wine,Virto Vino Rosso,,
OS,Wine,Visionario Bianco Delle Venezie,,
OS,Wine,Wachtenburg Gewurztraminer,750 ml,
OS,Wine,Wachtenburg Riesling,750 ml,
OS,Wine,Wallace Barossa Valley Shiraz Grenache,,
OS,Wine,Warres Heritage Ruby Port,,
OS,Wine,Waterstone Bridge Chardonnay,750 ml,
OS,Wine,Waterstone Bridge Shiraz,750 ml,
OS,Wine,Wente Vineyards Beyer Ranch Zinfandel,,
OS,Wine,Wente Vineyards Morning Fog Chardonnay,,
OS,Wine,Wente Vineyards Southern Hills Cabernet Sauvignon,,
OS,Wine,William Hardy Chardonnay,,
OS,Wine,William Hardy Shiraz,,
OS,Wine,Wine Men Of Gotham Brut Cuvee,750 ml,
OS,Wine,Wine Men Of Gotham Cabernet Sauvignon,750 ml,
OS,Wine,Wine Men Of Gotham Moscato,750 ml,
OS,Wine,Wine Men Of Gotham Rose,750 ml,
OS,Wine,Wine Men Of Gotham Shiraz Cabernet,750 ml,
OS,Wine,Wine Men Of Gotham Shiraz Grenache,750 ml,
OS,Wine,Wolf Blass Bilyara Chardonnay,,
OS,Wine,Wolf Blass Bilyara Shiraz,,
OS,Wine,Wolfblass Bilyara Chardonnay,,
OS,Wine,Wolfblass Bilyara Shiraz,,
OS,Wine,Woodbridge Merlot,750 ml,
OS,Wine,Woodbridge Moscato,750 ml,
OS,Wine,Woodbridge Pinot Noir,750 ml,
OS,Wine,Woodbridge Zinfandel,750 ml,
OS,Wine,Yellow Tail Chardonnay,750 ml,
OS,Wine,Yellow Tail Merlot,750 ml,
OS,Wine,Yellow Tail Pink Bubbles Rose,750 ml,
OS,Wine,Yellow Tail Pink Moscato,,
OS,Wine,Yellow Tail Shiraz,750 ml,
OS,Wine,Zardetto Prosecco Doc Extra Dry Sparkling,,
OS,Wine,Zenato Amarone Della Valpolicella Docg Classico,,
OS,Wine,Zenato Bardolino Doc,,
OS,Wine,Zenato Ripassa Valpolicella Ripasso Doc Superiore,,
OS,Wine,Zenato Soave Classico Doc,,
OS,Wine,Zinfandel California Cline,,
OS,Wine,Zonin Amarone Della Valpolicella Docg,,
OS,Wine,Zonin Asti Docg,,
OS,Wine,Zonin Montepulciano D Abruzzo,,
OS,Wine,Zonin Montepulciano D Abruzzo Doc,,
OS,Wine,Zonin Pinot Grigio Friuli Doc,,
OS,Wine,Zonin Prosecco,750 ml,
OS,Wine,Zonin Prosecco Doc Brut,,
OS,Wine,Zonin Soave Doc Classico,,
OS,Wine,Zonin Terre Palladiane Soave,,
OS,Wine,Zonin Valpolicella Ripasso Doc Superiore,,
OS,Wine,Zonin Ventiterre Chardonnay Italiano White Wine,750 ml,1
OS,Wine,Zonin Ventiterre Chianti Docg Red Wine,750 ml,
OS,Wine,Zonin Ventiterre Merlot Italiano Red Wine,750 ml,
OS,Wine,Zonin Ventiterre Soave Doc,,
OS,Wine,Zonin Ventiterre Valpolicella Doc,,
OS,Wine,Zuccardi Malbec,,
OSBI,Whisky,Black & White Blended Scotch Whisky,180 ml,
OSBI,Whisky,Black & White Blended Scotch Whisky,750 ml,
OSBI,Whisky,Black & White Blended Scotch Whisky(gift Pack),750 ml,
OSBI,Whisky,Black & White Blended Scotch Whisky(limited Edition Pack),750 ml,
OSBI,Whisky,Black Dog Centenary Black Reserve Aged & Rare Blended Scotch Whisky,180 ml,38
OSBI,Whisky,Black Dog Centenary Black Reserve Aged & Rare Blended Scotch Whisky,375  ml,
OSBI,Whisky,Black Dog Centenary Black Reserve Aged & Rare Blended Scotch Whisky(gift Pack),750 ml,6
OSBI,Whisky,Black Dog Millard's Private Reserve Blended Scotch Whisky Aged 14 Years,750 ml,
OSBI,Whisky,Black Dog Triple Gold Reserve Blended Scotch Whisky,180 ml,4
OSBI,Whisky,Black Dog Triple Gold Reserve Blended Scotch Whisky,375  ml,
OSBI,Whisky,Black Dog Triple Gold Reserve Blended Scotch Whisky (gift Pack),750 ml,1
OSBI,Whisky,Dewars White Label Blended Scotch Whisky,180 ml,
OSBI,Whisky,Dewars White Label Blended Scotch Whisky,375 ml,
OSBI,Whisky,Dewars White Label Blended Scotch Whisky,750 ml,24
OSBI,Whisky,Enso Japanese Whisky,750 ml,2
OSBI,Whisky,Jim Beam Kentucky Straight Bourbon Whiskey,180 ml,
OSBI,Whisky,Jim Beam Kentucky Straight Bourbon Whiskey,750 ml,1
OSBI,Whisky,Passport Scotch Whisky,750 ml,
OSBI,Whisky,Seagrams 100 Pipers Blended Scotch Whisky Aged 12 Years,750 ml,14
OSBI,Whisky,Seagrams 100 Pipers Blended Scotch Whisky Aged 12 Years(gift Pack),750 ml,
OSBI,Whisky,Seagrams 100 Pipers Deluxe Blended Scotch Whisky,180 ml,
OSBI,Whisky,Seagrams 100 Pipers Deluxe Blended Scotch Whisky,375 ml,
OSBI,Whisky,Seagrams 100 Pipers Deluxe Blended Scotch Whisky,750 ml,8
OSBI,Whisky,Seagrams 100 Pipers Deluxe Blended Scotch Whisky (gift Pack),750 ml,
OSBI,Whisky,Something Special Specially Selected Blended Scotch Whisky,750 ml,3
OSBI,Whisky,Teachers 50 Blended Scotch Whisky,180 ml,
OSBI,Whisky,Teachers 50 Blended Scotch Whisky,375 ml,
OSBI,Whisky,Teachers 50 Blended Scotch Whisky,750 ml,1
OSBI,Whisky,Teachers 50 Blended Scotch Whisky (gift Pack),750 ml,
OSBI,Whisky,Teachers Golden Thistle Blended Scotch Whisky,750 ml,1
OSBI,Whisky,Teachers Highland Cream Blended Scotch Whisky,180 ml,
OSBI,Whisky,Teachers Highland Cream Blended Scotch Whisky,375 ml,20
OSBI,Whisky,Teachers Highland Cream Blended Scotch Whisky,750 ml,13
OSBI,Whisky,Teachers Highland Cream Blended Scotch Whisky (gift Pack),750 ml,
OSBI,Whisky,Teachers Origin Blended Scotch Whisky,750 ml,1
OSBI,Whisky,Vat 69 Blended Scotch Whisky,180 ml,
OSBI,Whisky,Vat 69 Blended Scotch Whisky,750 ml,6
OSBI,Whisky,Vat 69 Blended Scotch Whisky (gift Pack),750 ml,
OSBI,Whisky,William Lawsons Blended Scotch Whisky,375 ml,
OSBI,Whisky,William Lawsons Blended Scotch Whisky,750 ml,
OSBI,Whisky,William Lawsons Blended Scotch Whisky Select,180 ml,
OSBI,Whisky,William Lawsons Blended Scotch Whisky Select,375 ml,
OSBI,Whisky,William Lawsons Blended Scotch Whisky Select,750 ml,
